Id,IsDeleted,MasterRecordId,Salutation,FirstName,LastName,Type,BillingStreet,BillingCity,BillingState,BillingPostalCode,BillingCountry,Phone,External_Account__c
001oB00000JcVz7QAF,0,,,Raj,Patel,,,San Francisco,CA,90000,,(200) 200-1000,001oB00000JcVz7QAF
001oB00000JcVz8QAF,0,,,Harpreet,Singh,,,Portland,CA,90023,,(213) 217-1019,001oB00000JcVz8QAF
001oB00000JcVz9QAF,0,,,Vikram,Kumar,,,Seattle,CA,90046,,(226) 234-1038,001oB00000JcVz9QAF
001oB00000JcVzAQAV,0,,,Rahul,Sharma,,,San Francisco,CA,90069,,(239) 251-1057,001oB00000JcVzAQAV
001oB00000JcVzBQAV,0,,,Nikhil,Gupta,,,Portland,CA,90092,,(252) 268-1076,001oB00000JcVzBQAV
001oB00000JcVzCQAV,0,,,Wei,Wang,,,Seattle,CA,90115,,(265) 285-1095,001oB00000JcVzCQAV
001oB00000JcVzDQAV,0,,,Hao,Chen,,,San Francisco,CA,90138,,(278) 302-1114,001oB00000JcVzDQAV
001oB00000JcVzEQAV,0,,,Kai,Zhang,,,Portland,CA,90161,,(291) 319-1133,001oB00000JcVzEQAV
001oB00000JcVzFQAV,0,,,Shen,Liu,,,Seattle,CA,90184,,(304) 336-1152,001oB00000JcVzFQAV
001oB00000JcVzGQAV,0,,,Long,Li,,,San Francisco,CA,90207,,(317) 353-1171,001oB00000JcVzGQAV
001oB00000JcVzHQAV,0,,,Kenji,Yamamoto,,,Portland,CA,90230,,(330) 370-1190,001oB00000JcVzHQAV
001oB00000JcVzIQAV,0,,,Akira,Tanaka,,,Seattle,CA,90253,,(343) 387-1209,001oB00000JcVzIQAV
001oB00000JcVzJQAV,0,,,Kazuki,Sato,,,San Francisco,CA,90276,,(356) 404-1228,001oB00000JcVzJQAV
001oB00000JcVzKQAV,0,,,Yuto,Suzuki,,,Portland,CA,90299,,(369) 421-1247,001oB00000JcVzKQAV
001oB00000JcVzLQAV,0,,,Min-ho,Kim,,,Seattle,CA,90322,,(382) 438-1266,001oB00000JcVzLQAV
001oB00000JcVzMQAV,0,,,Jin,Lee,,,San Francisco,CA,90345,,(395) 455-1285,001oB00000JcVzMQAV
001oB00000JcVzNQAV,0,,,Anh,Nguyen,,,Portland,CA,90368,,(408) 472-1304,001oB00000JcVzNQAV
001oB00000JcVzOQAV,0,,,Carlos,Garcia,,,Seattle,CA,90391,,(421) 489-1323,001oB00000JcVzOQAV
001oB00000JcVzPQAV,0,,,Antonio,Rodriguez,,,San Francisco,CA,90414,,(434) 506-1342,001oB00000JcVzPQAV
001oB00000JcVzQQAV,0,,,Jorge,Martinez,,,Portland,CA,90437,,(447) 523-1361,001oB00000JcVzQQAV
001oB00000JcVzRQAV,0,,,Javier,Hernandez,,,Seattle,CA,90460,,(460) 540-1380,001oB00000JcVzRQAV
001oB00000JcVzSQAV,0,,,Rafael,Lopez,,,San Francisco,CA,90483,,(473) 557-1399,001oB00000JcVzSQAV
001oB00000JcVzTQAV,0,,,Andres,Gonzalez,,,Portland,CA,90506,,(486) 574-1418,001oB00000JcVzTQAV
001oB00000JcVzUQAV,0,,,Francisco,Perez,,,Seattle,CA,90529,,(499) 591-1437,001oB00000JcVzUQAV
001oB00000JcVzVQAV,0,,,Hassan,Ali,,,San Francisco,CA,90552,,(512) 608-1456,001oB00000JcVzVQAV
001oB00000JcVzWQAV,0,,,Karim,Hassan,,,Portland,CA,90575,,(525) 625-1475,001oB00000JcVzWQAV
001oB00000JcVzXQAV,0,,,Samir,Ahmed,,,Seattle,CA,90598,,(538) 642-1494,001oB00000JcVzXQAV
001oB00000JcVzYQAV,0,,,Imran,Khan,,,San Francisco,CA,90621,,(551) 659-1513,001oB00000JcVzYQAV
001oB00000JcVzZQAV,0,,,James,Johnson,,,Portland,CA,90644,,(564) 676-1532,001oB00000JcVzZQAV
001oB00000JcVzaQAF,0,,,John,Smith,,,Seattle,CA,90667,,(577) 693-1551,001oB00000JcVzaQAF
001oB00000JcVzbQAF,0,,,Christopher,Williams,,,San Francisco,CA,90690,,(590) 710-1570,001oB00000JcVzbQAF
001oB00000JcVzcQAF,0,,,Joshua,Brown,,,Portland,CA,90713,,(603) 727-1589,001oB00000JcVzcQAF
001oB00000JcVzdQAF,0,,,Kevin,Davis,,,Seattle,CA,90736,,(616) 744-1608,001oB00000JcVzdQAF
001oB00000JcVzeQAF,0,,,Tyler,Wilson,,,San Francisco,CA,90759,,(629) 761-1627,001oB00000JcVzeQAF
001oB00000JcVzfQAF,0,,,Nathan,Anderson,,,Portland,CA,90782,,(642) 778-1646,001oB00000JcVzfQAF
001oB00000JcVzgQAF,0,,,Jason,Taylor,,,Seattle,CA,90805,,(655) 795-1665,001oB00000JcVzgQAF
001oB00000JcVzhQAF,0,,,Paul,Thomas,,,San Francisco,CA,90828,,(668) 812-1684,001oB00000JcVzhQAF
001oB00000JcVziQAF,0,,,George,Moore,,,Portland,CA,90851,,(681) 829-1703,001oB00000JcVziQAF
001oB00000JcVzjQAF,0,,,Priya,Patel,,,Seattle,CA,90874,,(694) 846-1722,001oB00000JcVzjQAF
001oB00000JcVzkQAF,0,,,Simran,Singh,,,San Francisco,CA,90897,,(707) 863-1741,001oB00000JcVzkQAF
001oB00000JcVzlQAF,0,,,Meera,Kumar,,,Portland,CA,90920,,(720) 880-1760,001oB00000JcVzlQAF
001oB00000JcVzmQAF,0,,,Pooja,Sharma,,,Seattle,CA,90943,,(733) 897-1779,001oB00000JcVzmQAF
001oB00000JcVznQAF,0,,,Preeti,Gupta,,,San Francisco,CA,90966,,(746) 914-1798,001oB00000JcVznQAF
001oB00000JcVzoQAF,0,,,Mei,Wang,,,Portland,CA,90989,,(759) 931-1817,001oB00000JcVzoQAF
001oB00000JcVzpQAF,0,,,Yan,Chen,,,Seattle,CA,91012,,(772) 948-1836,001oB00000JcVzpQAF
001oB00000JcVzqQAF,0,,,Fang,Zhang,,,San Francisco,CA,91035,,(785) 965-1855,001oB00000JcVzqQAF
001oB00000JcVzrQAF,0,,,Na,Liu,,,Portland,CA,91058,,(798) 982-1874,001oB00000JcVzrQAF
001oB00000JcVzsQAF,0,,,Lian,Li,,,Seattle,CA,91081,,(811) 200-1893,001oB00000JcVzsQAF
001oB00000JcVztQAF,0,,,Yuki,Yamamoto,,,San Francisco,CA,91104,,(824) 217-1912,001oB00000JcVztQAF
001oB00000JcVzuQAF,0,,,Yui,Tanaka,,,Portland,CA,91127,,(837) 234-1931,001oB00000JcVzuQAF
001oB00000JcVzvQAF,0,,,Rina,Sato,,,Seattle,CA,91150,,(850) 251-1950,001oB00000JcVzvQAF
001oB00000JcVzwQAF,0,,,Mei,Suzuki,,,San Francisco,CA,91173,,(863) 268-1969,001oB00000JcVzwQAF
001oB00000JcVzxQAF,0,,,Ji-woo,Kim,,,Portland,CA,91196,,(876) 285-1988,001oB00000JcVzxQAF
001oB00000JcVzyQAF,0,,,Mi-sun,Lee,,,Seattle,CA,91219,,(889) 302-2007,001oB00000JcVzyQAF
001oB00000JcVzzQAF,0,,,Linh,Nguyen,,,San Francisco,CA,91242,,(902) 319-2026,001oB00000JcVzzQAF
001oB00000JcW00QAF,0,,,Maria,Garcia,,,Portland,CA,91265,,(915) 336-2045,001oB00000JcW00QAF
001oB00000JcW01QAF,0,,,Carmen,Rodriguez,,,Seattle,CA,91288,,(928) 353-2064,001oB00000JcW01QAF
001oB00000JcW02QAF,0,,,Isabel,Martinez,,,San Francisco,CA,91311,,(941) 370-2083,001oB00000JcW02QAF
001oB00000JcW03QAF,0,,,Adriana,Hernandez,,,Portland,CA,91334,,(954) 387-2102,001oB00000JcW03QAF
001oB00000JcW04QAF,0,,,Cristina,Lopez,,,Seattle,CA,91357,,(967) 404-2121,001oB00000JcW04QAF
001oB00000JcW05QAF,0,,,Natalia,Gonzalez,,,San Francisco,CA,91380,,(980) 421-2140,001oB00000JcW05QAF
001oB00000JcW06QAF,0,,,Beatriz,Perez,,,Portland,CA,91403,,(993) 438-2159,001oB00000JcW06QAF
001oB00000JcW07QAF,0,,,Fatima,Ali,,,Seattle,CA,91426,,(207) 455-2178,001oB00000JcW07QAF
001oB00000JcW08QAF,0,,,Amina,Hassan,,,San Francisco,CA,91449,,(220) 472-2197,001oB00000JcW08QAF
001oB00000JcW09QAF,0,,,Leila,Ahmed,,,Portland,CA,91472,,(233) 489-2216,001oB00000JcW09QAF
001oB00000JcW0AQAV,0,,,Ayesha,Khan,,,Seattle,CA,91495,,(246) 506-2235,001oB00000JcW0AQAV
001oB00000JcW0BQAV,0,,,Emily,Johnson,,,San Francisco,CA,91518,,(259) 523-2254,001oB00000JcW0BQAV
001oB00000JcW0CQAV,0,,,Mary,Smith,,,Portland,CA,91541,,(272) 540-2273,001oB00000JcW0CQAV
001oB00000JcW0DQAV,0,,,Jessica,Williams,,,Seattle,CA,91564,,(285) 557-2292,001oB00000JcW0DQAV
001oB00000JcW0EQAV,0,,,Stephanie,Brown,,,San Francisco,CA,91587,,(298) 574-2311,001oB00000JcW0EQAV
001oB00000JcW0FQAV,0,,,Michelle,Davis,,,Portland,CA,91610,,(311) 591-2330,001oB00000JcW0FQAV
001oB00000JcW0GQAV,0,,,Heather,Wilson,,,Seattle,CA,91633,,(324) 608-2349,001oB00000JcW0GQAV
001oB00000JcW0HQAV,0,,,Angela,Anderson,,,San Francisco,CA,91656,,(337) 625-2368,001oB00000JcW0HQAV
001oB00000JcW0IQAV,0,,,Catherine,Taylor,,,Portland,CA,91679,,(350) 642-2387,001oB00000JcW0IQAV
001oB00000JcW0JQAV,0,,,Donna,Thomas,,,Seattle,CA,91702,,(363) 659-2406,001oB00000JcW0JQAV
001oB00000JcW0KQAV,0,,,Helen,Moore,,,San Francisco,CA,91725,,(376) 676-2425,001oB00000JcW0KQAV
001oB00000JcW0LQAV,0,,,Amit,Patel,,,Portland,CA,91748,,(389) 693-2444,001oB00000JcW0LQAV
001oB00000JcW0MQAV,0,,,Jaskaran,Singh,,,Seattle,CA,91771,,(402) 710-2463,001oB00000JcW0MQAV
001oB00000JcW0NQAV,0,,,Arun,Kumar,,,San Francisco,CA,91794,,(415) 727-2482,001oB00000JcW0NQAV
001oB00000JcW0OQAV,0,,,Sanjay,Sharma,,,Portland,CA,91817,,(428) 744-2501,001oB00000JcW0OQAV
001oB00000JcW0PQAV,0,,,Alok,Gupta,,,Seattle,CA,91840,,(441) 761-2520,001oB00000JcW0PQAV
001oB00000JcW0QQAV,0,,,Chen,Wang,,,San Francisco,CA,91863,,(454) 778-2539,001oB00000JcW0QQAV
001oB00000JcW0RQAV,0,,,Jun,Chen,,,Portland,CA,91886,,(467) 795-2558,001oB00000JcW0RQAV
001oB00000JcW0SQAV,0,,,Bo,Zhang,,,Seattle,CA,91909,,(480) 812-2577,001oB00000JcW0SQAV
001oB00000JcW0TQAV,0,,,Gang,Liu,,,San Francisco,CA,91932,,(493) 829-2596,001oB00000JcW0TQAV
001oB00000JcW0UQAV,0,,,Rui,Li,,,Portland,CA,91955,,(506) 846-2615,001oB00000JcW0UQAV
001oB00000JcW0VQAV,0,,,Hiroshi,Yamamoto,,,Seattle,CA,91978,,(519) 863-2634,001oB00000JcW0VQAV
001oB00000JcW0WQAV,0,,,Ryo,Tanaka,,,San Francisco,CA,92001,,(532) 880-2653,001oB00000JcW0WQAV
001oB00000JcW0XQAV,0,,,Haruto,Sato,,,Portland,CA,92024,,(545) 897-2672,001oB00000JcW0XQAV
001oB00000JcW0YQAV,0,,,Kento,Suzuki,,,Seattle,CA,92047,,(558) 914-2691,001oB00000JcW0YQAV
001oB00000JcW0ZQAV,0,,,Seung,Kim,,,San Francisco,CA,92070,,(571) 931-2710,001oB00000JcW0ZQAV
001oB00000JcW0aQAF,0,,,Dong-hyun,Lee,,,Portland,CA,92093,,(584) 948-2729,001oB00000JcW0aQAF
001oB00000JcW0bQAF,0,,,Thanh,Nguyen,,,Seattle,CA,92116,,(597) 965-2748,001oB00000JcW0bQAF
001oB00000JcW0cQAF,0,,,Diego,Garcia,,,San Francisco,CA,92139,,(610) 982-2767,001oB00000JcW0cQAF
001oB00000JcW0dQAF,0,,,Fernando,Rodriguez,,,Portland,CA,92162,,(623) 200-2786,001oB00000JcW0dQAF
001oB00000JcW0eQAF,0,,,Alejandro,Martinez,,,Seattle,CA,92185,,(636) 217-2805,001oB00000JcW0eQAF
001oB00000JcW0fQAF,0,,,Roberto,Hernandez,,,San Francisco,CA,92208,,(649) 234-2824,001oB00000JcW0fQAF
001oB00000JcW0gQAF,0,,,Eduardo,Lopez,,,Portland,CA,92231,,(662) 251-2843,001oB00000JcW0gQAF
001oB00000JcW0hQAF,0,,,Oscar,Gonzalez,,,Seattle,CA,92254,,(675) 268-2862,001oB00000JcW0hQAF
001oB00000JcW0iQAF,0,,,Enrique,Perez,,,San Francisco,CA,92277,,(688) 285-2881,001oB00000JcW0iQAF
001oB00000JcW0jQAF,0,,,Omar,Ali,,,Portland,CA,92300,,(701) 302-2900,001oB00000JcW0jQAF
001oB00000JcW0kQAF,0,,,Malik,Hassan,,,Seattle,CA,92323,,(714) 319-2919,001oB00000JcW0kQAF
001oB00000JcW0lQAF,0,,,Faisal,Ahmed,,,San Francisco,CA,92346,,(727) 336-2938,001oB00000JcW0lQAF
001oB00000JcW0mQAF,0,,,Farhan,Khan,,,Portland,CA,92369,,(740) 353-2957,001oB00000JcW0mQAF
001oB00000JcW0nQAF,0,,,Michael,Johnson,,,Seattle,CA,92392,,(753) 370-2976,001oB00000JcW0nQAF
001oB00000JcW0oQAF,0,,,William,Smith,,,San Francisco,CA,92415,,(766) 387-2995,001oB00000JcW0oQAF
001oB00000JcW0pQAF,0,,,Daniel,Williams,,,Portland,CA,92438,,(779) 404-3014,001oB00000JcW0pQAF
001oB00000JcW0qQAF,0,,,Ryan,Brown,,,Seattle,CA,92461,,(792) 421-3033,001oB00000JcW0qQAF
001oB00000JcW0rQAF,0,,,Eric,Davis,,,San Francisco,CA,92484,,(805) 438-3052,001oB00000JcW0rQAF
001oB00000JcW0sQAF,0,,,Benjamin,Wilson,,,Portland,CA,92507,,(818) 455-3071,001oB00000JcW0sQAF
001oB00000JcW0tQAF,0,,,Jonathan,Anderson,,,Seattle,CA,92530,,(831) 472-3090,001oB00000JcW0tQAF
001oB00000JcW0uQAF,0,,,Justin,Taylor,,,San Francisco,CA,92553,,(844) 489-3109,001oB00000JcW0uQAF
001oB00000JcW0vQAF,0,,,Mark,Thomas,,,Portland,CA,92576,,(857) 506-3128,001oB00000JcW0vQAF
001oB00000JcW0wQAF,0,,,Edward,Moore,,,Seattle,CA,92599,,(870) 523-3147,001oB00000JcW0wQAF
001oB00000JcW0xQAF,0,,,Anjali,Patel,,,San Francisco,CA,92622,,(883) 540-3166,001oB00000JcW0xQAF
001oB00000JcW0yQAF,0,,,Manpreet,Singh,,,Portland,CA,92645,,(896) 557-3185,001oB00000JcW0yQAF
001oB00000JcW0zQAF,0,,,Shreya,Kumar,,,Seattle,CA,92668,,(909) 574-3204,001oB00000JcW0zQAF
001oB00000JcW10QAF,0,,,Ritu,Sharma,,,San Francisco,CA,92691,,(922) 591-3223,001oB00000JcW10QAF
001oB00000JcW11QAF,0,,,Nisha,Gupta,,,Portland,CA,92714,,(935) 608-3242,001oB00000JcW11QAF
001oB00000JcW12QAF,0,,,Li,Wang,,,Seattle,CA,92737,,(948) 625-3261,001oB00000JcW12QAF
001oB00000JcW13QAF,0,,,Ling,Chen,,,San Francisco,CA,92760,,(961) 642-3280,001oB00000JcW13QAF
001oB00000JcW14QAF,0,,,Qing,Zhang,,,Portland,CA,92783,,(974) 659-3299,001oB00000JcW14QAF
001oB00000JcW15QAF,0,,,Jing,Liu,,,Seattle,CA,92806,,(987) 676-3318,001oB00000JcW15QAF
001oB00000JcW16QAF,0,,,Shu,Li,,,San Francisco,CA,92829,,(201) 693-3337,001oB00000JcW16QAF
001oB00000JcW17QAF,0,,,Sakura,Yamamoto,,,Portland,CA,92852,,(214) 710-3356,001oB00000JcW17QAF
001oB00000JcW18QAF,0,,,Aoi,Tanaka,,,Seattle,CA,92875,,(227) 727-3375,001oB00000JcW18QAF
001oB00000JcW19QAF,0,,,Nanami,Sato,,,San Francisco,CA,92898,,(240) 744-3394,001oB00000JcW19QAF
001oB00000JcW1AQAV,0,,,Ayaka,Suzuki,,,Portland,CA,92921,,(253) 761-3413,001oB00000JcW1AQAV
001oB00000JcW1BQAV,0,,,Hye-jin,Kim,,,Seattle,CA,92944,,(266) 778-3432,001oB00000JcW1BQAV
001oB00000JcW1CQAV,0,,,Eun-ji,Lee,,,San Francisco,CA,92967,,(279) 795-3451,001oB00000JcW1CQAV
001oB00000JcW1DQAV,0,,,Hoa,Nguyen,,,Portland,CA,92990,,(292) 812-3470,001oB00000JcW1DQAV
001oB00000JcW1EQAV,0,,,Sofia,Garcia,,,Seattle,CA,93013,,(305) 829-3489,001oB00000JcW1EQAV
001oB00000JcW1FQAV,0,,,Rosa,Rodriguez,,,San Francisco,CA,93036,,(318) 846-3508,001oB00000JcW1FQAV
001oB00000JcW1GQAV,0,,,Gabriela,Martinez,,,Portland,CA,93059,,(331) 863-3527,001oB00000JcW1GQAV
001oB00000JcW1HQAV,0,,,Laura,Hernandez,,,Seattle,CA,93082,,(344) 880-3546,001oB00000JcW1HQAV
001oB00000JcW1IQAV,0,,,Monica,Lopez,,,San Francisco,CA,93105,,(357) 897-3565,001oB00000JcW1IQAV
001oB00000JcW1JQAV,0,,,Daniela,Gonzalez,,,Portland,CA,93128,,(370) 914-3584,001oB00000JcW1JQAV
001oB00000JcW1KQAV,0,,,Sandra,Perez,,,Seattle,CA,93151,,(383) 931-3603,001oB00000JcW1KQAV
001oB00000JcW1LQAV,0,,,Aisha,Ali,,,San Francisco,CA,93174,,(396) 948-3622,001oB00000JcW1LQAV
001oB00000JcW1MQAV,0,,,Soraya,Hassan,,,Portland,CA,93197,,(409) 965-3641,001oB00000JcW1MQAV
001oB00000JcW1NQAV,0,,,Yasmeen,Ahmed,,,Seattle,CA,93220,,(422) 982-3660,001oB00000JcW1NQAV
001oB00000JcW1OQAV,0,,,Saira,Khan,,,San Francisco,CA,93243,,(435) 200-3679,001oB00000JcW1OQAV
001oB00000JcW1PQAV,0,,,Sarah,Johnson,,,Portland,CA,93266,,(448) 217-3698,001oB00000JcW1PQAV
001oB00000JcW1QQAV,0,,,Patricia,Smith,,,Seattle,CA,93289,,(461) 234-3717,001oB00000JcW1QQAV
001oB00000JcW1RQAV,0,,,Ashley,Williams,,,San Francisco,CA,93312,,(474) 251-3736,001oB00000JcW1RQAV
001oB00000JcW1SQAV,0,,,Rebecca,Brown,,,Portland,CA,93335,,(487) 268-3755,001oB00000JcW1SQAV
001oB00000JcW1TQAV,0,,,Nicole,Davis,,,Seattle,CA,93358,,(500) 285-3774,001oB00000JcW1TQAV
001oB00000JcW1UQAV,0,,,Rachel,Wilson,,,San Francisco,CA,93381,,(513) 302-3793,001oB00000JcW1UQAV
001oB00000JcW1VQAV,0,,,Christine,Anderson,,,Portland,CA,93404,,(526) 319-3812,001oB00000JcW1VQAV
001oB00000JcW1WQAV,0,,,Carolyn,Taylor,,,Seattle,CA,93427,,(539) 336-3831,001oB00000JcW1WQAV
001oB00000JcW1XQAV,0,,,Virginia,Thomas,,,San Francisco,CA,93450,,(552) 353-3850,001oB00000JcW1XQAV
001oB00000JcW1YQAV,0,,,Diane,Moore,,,Portland,CA,93473,,(565) 370-3869,001oB00000JcW1YQAV
001oB00000JcW1ZQAV,0,,,Rohan,Patel,,,Seattle,CA,93496,,(578) 387-3888,001oB00000JcW1ZQAV
001oB00000JcW1aQAF,0,,,Gurpreet,Singh,,,San Francisco,CA,93519,,(591) 404-3907,001oB00000JcW1aQAF
001oB00000JcW1bQAF,0,,,Karthik,Kumar,,,Portland,CA,93542,,(604) 421-3926,001oB00000JcW1bQAF
001oB00000JcW1cQAF,0,,,Deepak,Sharma,,,Seattle,CA,93565,,(617) 438-3945,001oB00000JcW1cQAF
001oB00000JcW1dQAF,0,,,Sumit,Gupta,,,San Francisco,CA,93588,,(630) 455-3964,001oB00000JcW1dQAF
001oB00000JcW1eQAF,0,,,Jian,Wang,,,Portland,CA,93611,,(643) 472-3983,001oB00000JcW1eQAF
001oB00000JcW1fQAF,0,,,Feng,Chen,,,Seattle,CA,93634,,(656) 489-4002,001oB00000JcW1fQAF
001oB00000JcW1gQAF,0,,,Yang,Zhang,,,San Francisco,CA,93657,,(669) 506-4021,001oB00000JcW1gQAF
001oB00000JcW1hQAF,0,,,Chao,Liu,,,Portland,CA,93680,,(682) 523-4040,001oB00000JcW1hQAF
001oB00000JcW1iQAF,0,,,Bai,Li,,,Seattle,CA,93703,,(695) 540-4059,001oB00000JcW1iQAF
001oB00000JcW1jQAF,0,,,Takeshi,Yamamoto,,,San Francisco,CA,93726,,(708) 557-4078,001oB00000JcW1jQAF
001oB00000JcW1kQAF,0,,,Daichi,Tanaka,,,Portland,CA,93749,,(721) 574-4097,001oB00000JcW1kQAF
001oB00000JcW1lQAF,0,,,Sota,Sato,,,Seattle,CA,93772,,(734) 591-4116,001oB00000JcW1lQAF
001oB00000JcW1mQAF,0,,,Ryota,Suzuki,,,San Francisco,CA,93795,,(747) 608-4135,001oB00000JcW1mQAF
001oB00000JcW1nQAF,0,,,Tae-yang,Kim,,,Portland,CA,93818,,(760) 625-4154,001oB00000JcW1nQAF
001oB00000JcW1oQAF,0,,,Sung-ho,Lee,,,Seattle,CA,93841,,(773) 642-4173,001oB00000JcW1oQAF
001oB00000JcW1pQAF,0,,,Minh,Nguyen,,,San Francisco,CA,93864,,(786) 659-4192,001oB00000JcW1pQAF
001oB00000JcW1qQAF,0,,,Miguel,Garcia,,,Portland,CA,93887,,(799) 676-4211,001oB00000JcW1qQAF
001oB00000JcW1rQAF,0,,,Ricardo,Rodriguez,,,Seattle,CA,93910,,(812) 693-4230,001oB00000JcW1rQAF
001oB00000JcW1sQAF,0,,,Pablo,Martinez,,,San Francisco,CA,93933,,(825) 710-4249,001oB00000JcW1sQAF
001oB00000JcW1tQAF,0,,,Manuel,Hernandez,,,Portland,CA,93956,,(838) 727-4268,001oB00000JcW1tQAF
001oB00000JcW1uQAF,0,,,Sergio,Lopez,,,Seattle,CA,93979,,(851) 744-4287,001oB00000JcW1uQAF
001oB00000JcW1vQAF,0,,,Raul,Gonzalez,,,San Francisco,CA,94002,,(864) 761-4306,001oB00000JcW1vQAF
001oB00000JcW1wQAF,0,,,Julio,Perez,,,Portland,CA,94025,,(877) 778-4325,001oB00000JcW1wQAF
001oB00000JcW1xQAF,0,,,Ahmed,Ali,,,Seattle,CA,94048,,(890) 795-4344,001oB00000JcW1xQAF
001oB00000JcW1yQAF,0,,,Rashid,Hassan,,,San Francisco,CA,94071,,(903) 812-4363,001oB00000JcW1yQAF
001oB00000JcW1zQAF,0,,,Jamal,Ahmed,,,Portland,CA,94094,,(916) 829-4382,001oB00000JcW1zQAF
001oB00000JcW20QAF,0,,,Adil,Khan,,,Seattle,CA,94117,,(929) 846-4401,001oB00000JcW20QAF
001oB00000JcW21QAF,0,,,David,Johnson,,,San Francisco,CA,94140,,(942) 863-4420,001oB00000JcW21QAF
001oB00000JcW22QAF,0,,,Richard,Smith,,,Portland,CA,94163,,(955) 880-4439,001oB00000JcW22QAF
001oB00000JcW23QAF,0,,,Matthew,Williams,,,Seattle,CA,94186,,(968) 897-4458,001oB00000JcW23QAF
001oB00000JcW24QAF,0,,,Nicholas,Brown,,,San Francisco,CA,94209,,(981) 914-4477,001oB00000JcW24QAF
001oB00000JcW25QAF,0,,,Jacob,Davis,,,Portland,CA,94232,,(994) 931-4496,001oB00000JcW25QAF
001oB00000JcW26QAF,0,,,Aaron,Wilson,,,Seattle,CA,94255,,(208) 948-4515,001oB00000JcW26QAF
001oB00000JcW27QAF,0,,,Brandon,Anderson,,,San Francisco,CA,94278,,(221) 965-4534,001oB00000JcW27QAF
001oB00000JcW28QAF,0,,,Scott,Taylor,,,Portland,CA,94301,,(234) 982-4553,001oB00000JcW28QAF
001oB00000JcW29QAF,0,,,Donald,Thomas,,,Seattle,CA,94324,,(247) 200-4572,001oB00000JcW29QAF
001oB00000JcW2AQAV,0,,,Ronald,Moore,,,San Francisco,CA,94347,,(260) 217-4591,001oB00000JcW2AQAV
001oB00000JcW2BQAV,0,,,Kavya,Patel,,,Portland,CA,94370,,(273) 234-4610,001oB00000JcW2BQAV
001oB00000JcW2CQAV,0,,,Jaspreet,Singh,,,Seattle,CA,94393,,(286) 251-4629,001oB00000JcW2CQAV
001oB00000JcW2DQAV,0,,,Divya,Kumar,,,San Francisco,CA,94416,,(299) 268-4648,001oB00000JcW2DQAV
001oB00000JcW2EQAV,0,,,Anita,Sharma,,,Portland,CA,94439,,(312) 285-4667,001oB00000JcW2EQAV
001oB00000JcW2FQAV,0,,,Rekha,Gupta,,,Seattle,CA,94462,,(325) 302-4686,001oB00000JcW2FQAV
001oB00000JcW2GQAV,0,,,Ying,Wang,,,San Francisco,CA,94485,,(338) 319-4705,001oB00000JcW2GQAV
001oB00000JcW2HQAV,0,,,Yu,Chen,,,Portland,CA,94508,,(351) 336-4724,001oB00000JcW2HQAV
001oB00000JcW2IQAV,0,,,Rong,Zhang,,,Seattle,CA,94531,,(364) 353-4743,001oB00000JcW2IQAV
001oB00000JcW2JQAV,0,,,Lei,Liu,,,San Francisco,CA,94554,,(377) 370-4762,001oB00000JcW2JQAV
001oB00000JcW2KQAV,0,,,Mei,Li,,,Portland,CA,94577,,(390) 387-4781,001oB00000JcW2KQAV
001oB00000JcW2LQAV,0,,,Hana,Yamamoto,,,Seattle,CA,94600,,(403) 404-4800,001oB00000JcW2LQAV
001oB00000JcW2MQAV,0,,,Sora,Tanaka,,,San Francisco,CA,94623,,(416) 421-4819,001oB00000JcW2MQAV
001oB00000JcW2NQAV,0,,,Mio,Sato,,,Portland,CA,94646,,(429) 438-4838,001oB00000JcW2NQAV
001oB00000JcW2OQAV,0,,,Hinata,Suzuki,,,Seattle,CA,94669,,(442) 455-4857,001oB00000JcW2OQAV
001oB00000JcW2PQAV,0,,,Soo-min,Kim,,,San Francisco,CA,94692,,(455) 472-4876,001oB00000JcW2PQAV
001oB00000JcW2QQAV,0,,,Ye-jin,Lee,,,Portland,CA,94715,,(468) 489-4895,001oB00000JcW2QQAV
001oB00000JcW2RQAV,0,,,Phuong,Nguyen,,,Seattle,CA,94738,,(481) 506-4914,001oB00000JcW2RQAV
001oB00000JcW2SQAV,0,,,Elena,Garcia,,,San Francisco,CA,94761,,(494) 523-4933,001oB00000JcW2SQAV
001oB00000JcW2TQAV,0,,,Lucia,Rodriguez,,,Portland,CA,94784,,(507) 540-4952,001oB00000JcW2TQAV
001oB00000JcW2UQAV,0,,,Teresa,Martinez,,,Seattle,CA,94807,,(520) 557-4971,001oB00000JcW2UQAV
001oB00000JcW2VQAV,0,,,Patricia,Hernandez,,,San Francisco,CA,94830,,(533) 574-4990,001oB00000JcW2VQAV
001oB00000JcW2WQAV,0,,,Veronica,Lopez,,,Portland,CA,94853,,(546) 591-5009,001oB00000JcW2WQAV
001oB00000JcW2XQAV,0,,,Marina,Gonzalez,,,Seattle,CA,94876,,(559) 608-5028,001oB00000JcW2XQAV
001oB00000JcW2YQAV,0,,,Silvia,Perez,,,San Francisco,CA,94899,,(572) 625-5047,001oB00000JcW2YQAV
001oB00000JcW2ZQAV,0,,,Layla,Ali,,,Portland,CA,94922,,(585) 642-5066,001oB00000JcW2ZQAV
001oB00000JcW2aQAF,0,,,Zainab,Hassan,,,Seattle,CA,94945,,(598) 659-5085,001oB00000JcW2aQAF
001oB00000JcW2bQAF,0,,,Rania,Ahmed,,,San Francisco,CA,94968,,(611) 676-5104,001oB00000JcW2bQAF
001oB00000JcW2cQAF,0,,,Hina,Khan,,,Portland,CA,94991,,(624) 693-5123,001oB00000JcW2cQAF
001oB00000JcW2dQAF,0,,,Jennifer,Johnson,,,Seattle,CA,95014,,(637) 710-5142,001oB00000JcW2dQAF
001oB00000JcW2eQAF,0,,,Linda,Smith,,,San Francisco,CA,95037,,(650) 727-5161,001oB00000JcW2eQAF
001oB00000JcW2fQAF,0,,,Amanda,Williams,,,Portland,CA,95060,,(663) 744-5180,001oB00000JcW2fQAF
001oB00000JcW2gQAF,0,,,Laura,Brown,,,Seattle,CA,95083,,(676) 761-5199,001oB00000JcW2gQAF
001oB00000JcW2hQAF,0,,,Elizabeth,Davis,,,San Francisco,CA,95106,,(689) 778-5218,001oB00000JcW2hQAF
001oB00000JcW2iQAF,0,,,Samantha,Wilson,,,Portland,CA,95129,,(702) 795-5237,001oB00000JcW2iQAF
001oB00000JcW2jQAF,0,,,Deborah,Anderson,,,Seattle,CA,95152,,(715) 812-5256,001oB00000JcW2jQAF
001oB00000JcW2kQAF,0,,,Janet,Taylor,,,San Francisco,CA,95175,,(728) 829-5275,001oB00000JcW2kQAF
001oB00000JcW2lQAF,0,,,Ruth,Thomas,,,Portland,CA,95198,,(741) 846-5294,001oB00000JcW2lQAF
001oB00000JcW2mQAF,0,,,Julie,Moore,,,Seattle,CA,95221,,(754) 863-5313,001oB00000JcW2mQAF
001oB00000JcW2nQAF,0,,,Arjun,Patel,,,San Francisco,CA,95244,,(767) 880-5332,001oB00000JcW2nQAF
001oB00000JcW2oQAF,0,,,Karan,Singh,,,Portland,CA,95267,,(780) 897-5351,001oB00000JcW2oQAF
001oB00000JcW2pQAF,0,,,Rajesh,Kumar,,,Seattle,CA,95290,,(793) 914-5370,001oB00000JcW2pQAF
001oB00000JcW2qQAF,0,,,Vikas,Sharma,,,San Francisco,CA,95313,,(806) 931-5389,001oB00000JcW2qQAF
001oB00000JcW2rQAF,0,,,Anil,Gupta,,,Portland,CA,95336,,(819) 948-5408,001oB00000JcW2rQAF
001oB00000JcW2sQAF,0,,,Ming,Wang,,,Seattle,CA,95359,,(832) 965-5427,001oB00000JcW2sQAF
001oB00000JcW2tQAF,0,,,Tao,Chen,,,San Francisco,CA,95382,,(845) 982-5446,001oB00000JcW2tQAF
001oB00000JcW2uQAF,0,,,Peng,Zhang,,,Portland,CA,95405,,(858) 200-5465,001oB00000JcW2uQAF
001oB00000JcW2vQAF,0,,,Hai,Liu,,,Seattle,CA,95428,,(871) 217-5484,001oB00000JcW2vQAF
001oB00000JcW2wQAF,0,,,Chun,Li,,,San Francisco,CA,95451,,(884) 234-5503,001oB00000JcW2wQAF
001oB00000JcW2xQAF,0,,,Daichi,Yamamoto,,,Portland,CA,95474,,(897) 251-5522,001oB00000JcW2xQAF
001oB00000JcW2yQAF,0,,,Kaito,Tanaka,,,Seattle,CA,95497,,(910) 268-5541,001oB00000JcW2yQAF
001oB00000JcW2zQAF,0,,,Yuto,Sato,,,San Francisco,CA,95520,,(923) 285-5560,001oB00000JcW2zQAF
001oB00000JcW30QAF,0,,,Ren,Suzuki,,,Portland,CA,95543,,(936) 302-5579,001oB00000JcW30QAF
001oB00000JcW31QAF,0,,,Min-ho,Kim,,,Seattle,CA,95566,,(949) 319-5598,001oB00000JcW31QAF
001oB00000JcW32QAF,0,,,Jin,Lee,,,San Francisco,CA,95589,,(962) 336-5617,001oB00000JcW32QAF
001oB00000JcW33QAF,0,,,Tuan,Nguyen,,,Portland,CA,95612,,(975) 353-5636,001oB00000JcW33QAF
001oB00000JcW34QAF,0,,,Luis,Garcia,,,Seattle,CA,95635,,(988) 370-5655,001oB00000JcW34QAF
001oB00000JcW35QAF,0,,,Pablo,Rodriguez,,,San Francisco,CA,95658,,(202) 387-5674,001oB00000JcW35QAF
001oB00000JcW36QAF,0,,,Mateo,Martinez,,,Portland,CA,95681,,(215) 404-5693,001oB00000JcW36QAF
001oB00000JcW37QAF,0,,,Angel,Hernandez,,,Seattle,CA,95704,,(228) 421-5712,001oB00000JcW37QAF
001oB00000JcW38QAF,0,,,Raul,Lopez,,,San Francisco,CA,95727,,(241) 438-5731,001oB00000JcW38QAF
001oB00000JcW39QAF,0,,,Felipe,Gonzalez,,,Portland,CA,95750,,(254) 455-5750,001oB00000JcW39QAF
001oB00000JcW3AQAV,0,,,Marcos,Perez,,,Seattle,CA,95773,,(267) 472-5769,001oB00000JcW3AQAV
001oB00000JcW3BQAV,0,,,Khalid,Ali,,,San Francisco,CA,95796,,(280) 489-5788,001oB00000JcW3BQAV
001oB00000JcW3CQAV,0,,,Tariq,Hassan,,,Portland,CA,95819,,(293) 506-5807,001oB00000JcW3CQAV
001oB00000JcW3DQAV,0,,,Ibrahim,Ahmed,,,Seattle,CA,95842,,(306) 523-5826,001oB00000JcW3DQAV
001oB00000JcW3EQAV,0,,,Bilal,Khan,,,San Francisco,CA,95865,,(319) 540-5845,001oB00000JcW3EQAV
001oB00000JcW3FQAV,0,,,Robert,Johnson,,,Portland,CA,95888,,(332) 557-5864,001oB00000JcW3FQAV
001oB00000JcW3GQAV,0,,,Joseph,Smith,,,Seattle,CA,95911,,(345) 574-5883,001oB00000JcW3GQAV
001oB00000JcW3HQAV,0,,,Andrew,Williams,,,San Francisco,CA,95934,,(358) 591-5902,001oB00000JcW3HQAV
001oB00000JcW3IQAV,0,,,Brian,Brown,,,Portland,CA,95957,,(371) 608-5921,001oB00000JcW3IQAV
001oB00000JcW3JQAV,0,,,Steven,Davis,,,Seattle,CA,95980,,(384) 625-5940,001oB00000JcW3JQAV
001oB00000JcW3KQAV,0,,,Alexander,Wilson,,,San Francisco,CA,96003,,(397) 642-5959,001oB00000JcW3KQAV
001oB00000JcW3LQAV,0,,,Samuel,Anderson,,,Portland,CA,96026,,(410) 659-5978,001oB00000JcW3LQAV
001oB00000JcW3MQAV,0,,,Timothy,Taylor,,,Seattle,CA,96049,,(423) 676-5997,001oB00000JcW3MQAV
001oB00000JcW3NQAV,0,,,Kenneth,Thomas,,,San Francisco,CA,96072,,(436) 693-6016,001oB00000JcW3NQAV
001oB00000JcW3OQAV,0,,,Anthony,Moore,,,Portland,CA,96095,,(449) 710-6035,001oB00000JcW3OQAV
001oB00000JcW3PQAV,0,,,Neha,Patel,,,Seattle,CA,96118,,(462) 727-6054,001oB00000JcW3PQAV
001oB00000JcW3QQAV,0,,,Neha,Singh,,,San Francisco,CA,96141,,(475) 744-6073,001oB00000JcW3QQAV
001oB00000JcW3RQAV,0,,,Priya,Kumar,,,Portland,CA,96164,,(488) 761-6092,001oB00000JcW3RQAV
001oB00000JcW3SQAV,0,,,Rekha,Sharma,,,Seattle,CA,96187,,(501) 778-6111,001oB00000JcW3SQAV
001oB00000JcW3TQAV,0,,,Swati,Gupta,,,San Francisco,CA,96210,,(514) 795-6130,001oB00000JcW3TQAV
001oB00000JcW3UQAV,0,,,Xia,Wang,,,Portland,CA,96233,,(527) 812-6149,001oB00000JcW3UQAV
001oB00000JcW3VQAV,0,,,Hui,Chen,,,Seattle,CA,96256,,(540) 829-6168,001oB00000JcW3VQAV
001oB00000JcW3WQAV,0,,,Lan,Zhang,,,San Francisco,CA,96279,,(553) 846-6187,001oB00000JcW3WQAV
001oB00000JcW3XQAV,0,,,Xin,Liu,,,Portland,CA,96302,,(566) 863-6206,001oB00000JcW3XQAV
001oB00000JcW3YQAV,0,,,Yue,Li,,,Seattle,CA,96325,,(579) 880-6225,001oB00000JcW3YQAV
001oB00000JcW3ZQAV,0,,,Yui,Yamamoto,,,San Francisco,CA,96348,,(592) 897-6244,001oB00000JcW3ZQAV
001oB00000JcW3aQAF,0,,,Rin,Tanaka,,,Portland,CA,96371,,(605) 914-6263,001oB00000JcW3aQAF
001oB00000JcW3bQAF,0,,,Mei,Sato,,,Seattle,CA,96394,,(618) 931-6282,001oB00000JcW3bQAF
001oB00000JcW3cQAF,0,,,Hana,Suzuki,,,San Francisco,CA,96417,,(631) 948-6301,001oB00000JcW3cQAF
001oB00000JcW3dQAF,0,,,Ji-woo,Kim,,,Portland,CA,96440,,(644) 965-6320,001oB00000JcW3dQAF
001oB00000JcW3eQAF,0,,,Mi-sun,Lee,,,Seattle,CA,96463,,(657) 982-6339,001oB00000JcW3eQAF
001oB00000JcW3fQAF,0,,,Thu,Nguyen,,,San Francisco,CA,96486,,(670) 200-6358,001oB00000JcW3fQAF
001oB00000JcW3gQAF,0,,,Ana,Garcia,,,Portland,CA,96509,,(683) 217-6377,001oB00000JcW3gQAF
001oB00000JcW3hQAF,0,,,Isabel,Rodriguez,,,Seattle,CA,96532,,(696) 234-6396,001oB00000JcW3hQAF
001oB00000JcW3iQAF,0,,,Valentina,Martinez,,,San Francisco,CA,96555,,(709) 251-6415,001oB00000JcW3iQAF
001oB00000JcW3jQAF,0,,,Daniela,Hernandez,,,Portland,CA,96578,,(722) 268-6434,001oB00000JcW3jQAF
001oB00000JcW3kQAF,0,,,Natalia,Lopez,,,Seattle,CA,96601,,(735) 285-6453,001oB00000JcW3kQAF
001oB00000JcW3lQAF,0,,,Carla,Gonzalez,,,San Francisco,CA,96624,,(748) 302-6472,001oB00000JcW3lQAF
001oB00000JcW3mQAF,0,,,Paola,Perez,,,Portland,CA,96647,,(761) 319-6491,001oB00000JcW3mQAF
001oB00000JcW3nQAF,0,,,Zara,Ali,,,Seattle,CA,96670,,(774) 336-6510,001oB00000JcW3nQAF
001oB00000JcW3oQAF,0,,,Nadia,Hassan,,,San Francisco,CA,96693,,(787) 353-6529,001oB00000JcW3oQAF
001oB00000JcW3pQAF,0,,,Salma,Ahmed,,,Portland,CA,96716,,(800) 370-6548,001oB00000JcW3pQAF
001oB00000JcW3qQAF,0,,,Maha,Khan,,,Seattle,CA,96739,,(813) 387-6567,001oB00000JcW3qQAF
001oB00000JcW3rQAF,0,,,Lisa,Johnson,,,San Francisco,CA,96762,,(826) 404-6586,001oB00000JcW3rQAF
001oB00000JcW3sQAF,0,,,Barbara,Smith,,,Portland,CA,96785,,(839) 421-6605,001oB00000JcW3sQAF
001oB00000JcW3tQAF,0,,,Melissa,Williams,,,Seattle,CA,96808,,(852) 438-6624,001oB00000JcW3tQAF
001oB00000JcW3uQAF,0,,,Kimberly,Brown,,,San Francisco,CA,96831,,(865) 455-6643,001oB00000JcW3uQAF
001oB00000JcW3vQAF,0,,,Amy,Davis,,,Portland,CA,96854,,(878) 472-6662,001oB00000JcW3vQAF
001oB00000JcW3wQAF,0,,,Katherine,Wilson,,,Seattle,CA,96877,,(891) 489-6681,001oB00000JcW3wQAF
001oB00000JcW3xQAF,0,,,Janet,Anderson,,,San Francisco,CA,96900,,(904) 506-6700,001oB00000JcW3xQAF
001oB00000JcW3yQAF,0,,,Maria,Taylor,,,Portland,CA,96923,,(917) 523-6719,001oB00000JcW3yQAF
001oB00000JcW3zQAF,0,,,Sharon,Thomas,,,Seattle,CA,96946,,(930) 540-6738,001oB00000JcW3zQAF
001oB00000JcW40QAF,0,,,Joyce,Moore,,,San Francisco,CA,96969,,(943) 557-6757,001oB00000JcW40QAF
001oB00000JcW41QAF,0,,,Vikram,Patel,,,Portland,CA,96992,,(956) 574-6776,001oB00000JcW41QAF
001oB00000JcW42QAF,0,,,Harpreet,Singh,,,Seattle,CA,97015,,(969) 591-6795,001oB00000JcW42QAF
001oB00000JcW43QAF,0,,,Vikram,Kumar,,,San Francisco,CA,97038,,(982) 608-6814,001oB00000JcW43QAF
001oB00000JcW45QAF,0,,,Nikhil,Gupta,,,Seattle,CA,97084,,(209) 642-6852,001oB00000JcW45QAF
001oB00000JcW46QAF,0,,,Wei,Wang,,,San Francisco,CA,97107,,(222) 659-6871,001oB00000JcW46QAF
001oB00000JcW47QAF,0,,,Hao,Chen,,,Portland,CA,97130,,(235) 676-6890,001oB00000JcW47QAF
001oB00000JcW48QAF,0,,,Kai,Zhang,,,Seattle,CA,97153,,(248) 693-6909,001oB00000JcW48QAF
001oB00000JcW49QAF,0,,,Shen,Liu,,,San Francisco,CA,97176,,(261) 710-6928,001oB00000JcW49QAF
001oB00000JcW4AQAV,0,,,Long,Li,,,Portland,CA,97199,,(274) 727-6947,001oB00000JcW4AQAV
001oB00000JcW4BQAV,0,,,Kenji,Yamamoto,,,Seattle,CA,97222,,(287) 744-6966,001oB00000JcW4BQAV
001oB00000JcW4CQAV,0,,,Akira,Tanaka,,,San Francisco,CA,97245,,(300) 761-6985,001oB00000JcW4CQAV
001oB00000JcW4DQAV,0,,,Kazuki,Sato,,,Portland,CA,97268,,(313) 778-7004,001oB00000JcW4DQAV
001oB00000JcW4EQAV,0,,,Yuto,Suzuki,,,Seattle,CA,97291,,(326) 795-7023,001oB00000JcW4EQAV
001oB00000JcW4FQAV,0,,,Seung,Kim,,,San Francisco,CA,97314,,(339) 812-7042,001oB00000JcW4FQAV
001oB00000JcW4GQAV,0,,,Dong-hyun,Lee,,,Portland,CA,97337,,(352) 829-7061,001oB00000JcW4GQAV
001oB00000JcW4HQAV,0,,,Anh,Nguyen,,,Seattle,CA,97360,,(365) 846-7080,001oB00000JcW4HQAV
001oB00000JcW4IQAV,0,,,Carlos,Garcia,,,San Francisco,CA,97383,,(378) 863-7099,001oB00000JcW4IQAV
001oB00000JcW4JQAV,0,,,Antonio,Rodriguez,,,Portland,CA,97406,,(391) 880-7118,001oB00000JcW4JQAV
001oB00000JcW4KQAV,0,,,Jorge,Martinez,,,Seattle,CA,97429,,(404) 897-7137,001oB00000JcW4KQAV
001oB00000JcW4LQAV,0,,,Javier,Hernandez,,,San Francisco,CA,97452,,(417) 914-7156,001oB00000JcW4LQAV
001oB00000JcW4MQAV,0,,,Rafael,Lopez,,,Portland,CA,97475,,(430) 931-7175,001oB00000JcW4MQAV
001oB00000JcW4NQAV,0,,,Andres,Gonzalez,,,Seattle,CA,97498,,(443) 948-7194,001oB00000JcW4NQAV
001oB00000JcW4OQAV,0,,,Francisco,Perez,,,San Francisco,CA,97521,,(456) 965-7213,001oB00000JcW4OQAV
001oB00000JcW4PQAV,0,,,Hassan,Ali,,,Portland,CA,97544,,(469) 982-7232,001oB00000JcW4PQAV
001oB00000JcW4QQAV,0,,,Karim,Hassan,,,Seattle,CA,97567,,(482) 200-7251,001oB00000JcW4QQAV
001oB00000JcW4RQAV,0,,,Samir,Ahmed,,,San Francisco,CA,97590,,(495) 217-7270,001oB00000JcW4RQAV
001oB00000JcW4SQAV,0,,,Imran,Khan,,,Portland,CA,97613,,(508) 234-7289,001oB00000JcW4SQAV
001oB00000JcW4TQAV,0,,,James,Johnson,,,Seattle,CA,97636,,(521) 251-7308,001oB00000JcW4TQAV
001oB00000JcW4UQAV,0,,,John,Smith,,,San Francisco,CA,97659,,(534) 268-7327,001oB00000JcW4UQAV
001oB00000JcW4VQAV,0,,,Christopher,Williams,,,Portland,CA,97682,,(547) 285-7346,001oB00000JcW4VQAV
001oB00000JcW4WQAV,0,,,Joshua,Brown,,,Seattle,CA,97705,,(560) 302-7365,001oB00000JcW4WQAV
001oB00000JcW4XQAV,0,,,Kevin,Davis,,,San Francisco,CA,97728,,(573) 319-7384,001oB00000JcW4XQAV
001oB00000JcW4YQAV,0,,,Tyler,Wilson,,,Portland,CA,97751,,(586) 336-7403,001oB00000JcW4YQAV
001oB00000JcW4ZQAV,0,,,Nathan,Anderson,,,Seattle,CA,97774,,(599) 353-7422,001oB00000JcW4ZQAV
001oB00000JcW4aQAF,0,,,Jason,Taylor,,,San Francisco,CA,97797,,(612) 370-7441,001oB00000JcW4aQAF
001oB00000JcW4bQAF,0,,,Paul,Thomas,,,Portland,CA,97820,,(625) 387-7460,001oB00000JcW4bQAF
001oB00000JcW4cQAF,0,,,George,Moore,,,Seattle,CA,97843,,(638) 404-7479,001oB00000JcW4cQAF
001oB00000JcW4dQAF,0,,,Meera,Patel,,,San Francisco,CA,97866,,(651) 421-7498,001oB00000JcW4dQAF
001oB00000JcW4eQAF,0,,,Simran,Singh,,,Portland,CA,97889,,(664) 438-7517,001oB00000JcW4eQAF
001oB00000JcW4fQAF,0,,,Meera,Kumar,,,Seattle,CA,97912,,(677) 455-7536,001oB00000JcW4fQAF
001oB00000JcW4gQAF,0,,,Pooja,Sharma,,,San Francisco,CA,97935,,(690) 472-7555,001oB00000JcW4gQAF
001oB00000JcW4hQAF,0,,,Preeti,Gupta,,,Portland,CA,97958,,(703) 489-7574,001oB00000JcW4hQAF
001oB00000JcW4iQAF,0,,,Mei,Wang,,,Seattle,CA,97981,,(716) 506-7593,001oB00000JcW4iQAF
001oB00000JcW4jQAF,0,,,Yan,Chen,,,San Francisco,CA,98004,,(729) 523-7612,001oB00000JcW4jQAF
001oB00000JcW4kQAF,0,,,Fang,Zhang,,,Portland,CA,98027,,(742) 540-7631,001oB00000JcW4kQAF
001oB00000JcW4lQAF,0,,,Na,Liu,,,Seattle,CA,98050,,(755) 557-7650,001oB00000JcW4lQAF
001oB00000JcW4mQAF,0,,,Lian,Li,,,San Francisco,CA,98073,,(768) 574-7669,001oB00000JcW4mQAF
001oB00000JcW4nQAF,0,,,Yuki,Yamamoto,,,Portland,CA,98096,,(781) 591-7688,001oB00000JcW4nQAF
001oB00000JcW4oQAF,0,,,Yui,Tanaka,,,Seattle,CA,98119,,(794) 608-7707,001oB00000JcW4oQAF
001oB00000JcW4pQAF,0,,,Rina,Sato,,,San Francisco,CA,98142,,(807) 625-7726,001oB00000JcW4pQAF
001oB00000JcW4qQAF,0,,,Mei,Suzuki,,,Portland,CA,98165,,(820) 642-7745,001oB00000JcW4qQAF
001oB00000JcW4rQAF,0,,,Hye-jin,Kim,,,Seattle,CA,98188,,(833) 659-7764,001oB00000JcW4rQAF
001oB00000JcW4sQAF,0,,,Eun-ji,Lee,,,San Francisco,CA,98211,,(846) 676-7783,001oB00000JcW4sQAF
001oB00000JcW4tQAF,0,,,Linh,Nguyen,,,Portland,CA,98234,,(859) 693-7802,001oB00000JcW4tQAF
001oB00000JcW4uQAF,0,,,Maria,Garcia,,,Seattle,CA,98257,,(872) 710-7821,001oB00000JcW4uQAF
001oB00000JcW4vQAF,0,,,Carmen,Rodriguez,,,San Francisco,CA,98280,,(885) 727-7840,001oB00000JcW4vQAF
001oB00000JcW4wQAF,0,,,Isabel,Martinez,,,Portland,CA,98303,,(898) 744-7859,001oB00000JcW4wQAF
001oB00000JcW4xQAF,0,,,Adriana,Hernandez,,,Seattle,CA,98326,,(911) 761-7878,001oB00000JcW4xQAF
001oB00000JcW4yQAF,0,,,Cristina,Lopez,,,San Francisco,CA,98349,,(924) 778-7897,001oB00000JcW4yQAF
001oB00000JcW4zQAF,0,,,Natalia,Gonzalez,,,Portland,CA,98372,,(937) 795-7916,001oB00000JcW4zQAF
001oB00000JcW50QAF,0,,,Beatriz,Perez,,,Seattle,CA,98395,,(950) 812-7935,001oB00000JcW50QAF
001oB00000JcW51QAF,0,,,Fatima,Ali,,,San Francisco,CA,98418,,(963) 829-7954,001oB00000JcW51QAF
001oB00000JcW52QAF,0,,,Amina,Hassan,,,Portland,CA,98441,,(976) 846-7973,001oB00000JcW52QAF
001oB00000JcW53QAF,0,,,Leila,Ahmed,,,Seattle,CA,98464,,(989) 863-7992,001oB00000JcW53QAF
001oB00000JcW54QAF,0,,,Ayesha,Khan,,,San Francisco,CA,98487,,(203) 880-8011,001oB00000JcW54QAF
001oB00000JcW55QAF,0,,,Emily,Johnson,,,Portland,CA,98510,,(216) 897-8030,001oB00000JcW55QAF
001oB00000JcW56QAF,0,,,Mary,Smith,,,Seattle,CA,98533,,(229) 914-8049,001oB00000JcW56QAF
001oB00000JcW57QAF,0,,,Jessica,Williams,,,San Francisco,CA,98556,,(242) 931-8068,001oB00000JcW57QAF
001oB00000JcW58QAF,0,,,Stephanie,Brown,,,Portland,CA,98579,,(255) 948-8087,001oB00000JcW58QAF
001oB00000JcW59QAF,0,,,Michelle,Davis,,,Seattle,CA,98602,,(268) 965-8106,001oB00000JcW59QAF
001oB00000JcW5AQAV,0,,,Heather,Wilson,,,San Francisco,CA,98625,,(281) 982-8125,001oB00000JcW5AQAV
001oB00000JcW5BQAV,0,,,Angela,Anderson,,,Portland,CA,98648,,(294) 200-8144,001oB00000JcW5BQAV
001oB00000JcW5CQAV,0,,,Catherine,Taylor,,,Seattle,CA,98671,,(307) 217-8163,001oB00000JcW5CQAV
001oB00000JcW5DQAV,0,,,Donna,Thomas,,,San Francisco,CA,98694,,(320) 234-8182,001oB00000JcW5DQAV
001oB00000JcW5EQAV,0,,,Helen,Moore,,,Portland,CA,98717,,(333) 251-8201,001oB00000JcW5EQAV
001oB00000JcW5FQAV,0,,,Raj,Patel,,,Seattle,CA,98740,,(346) 268-8220,001oB00000JcW5FQAV
001oB00000JcW5GQAV,0,,,Jaskaran,Singh,,,San Francisco,CA,98763,,(359) 285-8239,001oB00000JcW5GQAV
001oB00000JcW5HQAV,0,,,Arun,Kumar,,,Portland,CA,98786,,(372) 302-8258,001oB00000JcW5HQAV
001oB00000JcW5IQAV,0,,,Sanjay,Sharma,,,Seattle,CA,98809,,(385) 319-8277,001oB00000JcW5IQAV
001oB00000JcW5JQAV,0,,,Alok,Gupta,,,San Francisco,CA,98832,,(398) 336-8296,001oB00000JcW5JQAV
001oB00000JcW5KQAV,0,,,Chen,Wang,,,Portland,CA,98855,,(411) 353-8315,001oB00000JcW5KQAV
001oB00000JcW5LQAV,0,,,Jun,Chen,,,Seattle,CA,98878,,(424) 370-8334,001oB00000JcW5LQAV
001oB00000JcW5MQAV,0,,,Bo,Zhang,,,San Francisco,CA,98901,,(437) 387-8353,001oB00000JcW5MQAV
001oB00000JcW5NQAV,0,,,Gang,Liu,,,Portland,CA,98924,,(450) 404-8372,001oB00000JcW5NQAV
001oB00000JcW5OQAV,0,,,Rui,Li,,,Seattle,CA,98947,,(463) 421-8391,001oB00000JcW5OQAV
001oB00000JcW5PQAV,0,,,Hiroshi,Yamamoto,,,San Francisco,CA,98970,,(476) 438-8410,001oB00000JcW5PQAV
001oB00000JcW5QQAV,0,,,Ryo,Tanaka,,,Portland,CA,98993,,(489) 455-8429,001oB00000JcW5QQAV
001oB00000JcW5RQAV,0,,,Haruto,Sato,,,Seattle,CA,99016,,(502) 472-8448,001oB00000JcW5RQAV
001oB00000JcW5SQAV,0,,,Kento,Suzuki,,,San Francisco,CA,99039,,(515) 489-8467,001oB00000JcW5SQAV
001oB00000JcW5TQAV,0,,,Tae-yang,Kim,,,Portland,CA,99062,,(528) 506-8486,001oB00000JcW5TQAV
001oB00000JcW5UQAV,0,,,Sung-ho,Lee,,,Seattle,CA,99085,,(541) 523-8505,001oB00000JcW5UQAV
001oB00000JcW5VQAV,0,,,Thanh,Nguyen,,,San Francisco,CA,99108,,(554) 540-8524,001oB00000JcW5VQAV
001oB00000JcW5WQAV,0,,,Diego,Garcia,,,Portland,CA,99131,,(567) 557-8543,001oB00000JcW5WQAV
001oB00000JcW5XQAV,0,,,Fernando,Rodriguez,,,Seattle,CA,99154,,(580) 574-8562,001oB00000JcW5XQAV
001oB00000JcW5YQAV,0,,,Alejandro,Martinez,,,San Francisco,CA,99177,,(593) 591-8581,001oB00000JcW5YQAV
001oB00000JcW5ZQAV,0,,,Roberto,Hernandez,,,Portland,CA,99200,,(606) 608-8600,001oB00000JcW5ZQAV
001oB00000JcW5aQAF,0,,,Eduardo,Lopez,,,Seattle,CA,99223,,(619) 625-8619,001oB00000JcW5aQAF
001oB00000JcW5bQAF,0,,,Oscar,Gonzalez,,,San Francisco,CA,99246,,(632) 642-8638,001oB00000JcW5bQAF
001oB00000JcW5cQAF,0,,,Enrique,Perez,,,Portland,CA,99269,,(645) 659-8657,001oB00000JcW5cQAF
001oB00000JcW5dQAF,0,,,Omar,Ali,,,Seattle,CA,99292,,(658) 676-8676,001oB00000JcW5dQAF
001oB00000JcW5eQAF,0,,,Malik,Hassan,,,San Francisco,CA,99315,,(671) 693-8695,001oB00000JcW5eQAF
001oB00000JcW5fQAF,0,,,Faisal,Ahmed,,,Portland,CA,99338,,(684) 710-8714,001oB00000JcW5fQAF
001oB00000JcW5gQAF,0,,,Farhan,Khan,,,Seattle,CA,99361,,(697) 727-8733,001oB00000JcW5gQAF
001oB00000JcW5hQAF,0,,,Michael,Johnson,,,San Francisco,CA,99384,,(710) 744-8752,001oB00000JcW5hQAF
001oB00000JcW5iQAF,0,,,William,Smith,,,Portland,CA,99407,,(723) 761-8771,001oB00000JcW5iQAF
001oB00000JcW5jQAF,0,,,Daniel,Williams,,,Seattle,CA,99430,,(736) 778-8790,001oB00000JcW5jQAF
001oB00000JcW5kQAF,0,,,Ryan,Brown,,,San Francisco,CA,99453,,(749) 795-8809,001oB00000JcW5kQAF
001oB00000JcW5lQAF,0,,,Eric,Davis,,,Portland,CA,99476,,(762) 812-8828,001oB00000JcW5lQAF
001oB00000JcW5mQAF,0,,,Benjamin,Wilson,,,Seattle,CA,99499,,(775) 829-8847,001oB00000JcW5mQAF
001oB00000JcW5nQAF,0,,,Jonathan,Anderson,,,San Francisco,CA,99522,,(788) 846-8866,001oB00000JcW5nQAF
001oB00000JcW5oQAF,0,,,Justin,Taylor,,,Portland,CA,99545,,(801) 863-8885,001oB00000JcW5oQAF
001oB00000JcW5pQAF,0,,,Mark,Thomas,,,Seattle,CA,99568,,(814) 880-8904,001oB00000JcW5pQAF
001oB00000JcW5qQAF,0,,,Edward,Moore,,,San Francisco,CA,99591,,(827) 897-8923,001oB00000JcW5qQAF
001oB00000JcW5rQAF,0,,,Priya,Patel,,,Portland,CA,99614,,(840) 914-8942,001oB00000JcW5rQAF
001oB00000JcW5sQAF,0,,,Manpreet,Singh,,,Seattle,CA,99637,,(853) 931-8961,001oB00000JcW5sQAF
001oB00000JcW5tQAF,0,,,Shreya,Kumar,,,San Francisco,CA,99660,,(866) 948-8980,001oB00000JcW5tQAF
001oB00000JcW5uQAF,0,,,Ritu,Sharma,,,Portland,CA,99683,,(879) 965-8999,001oB00000JcW5uQAF
001oB00000JcW5vQAF,0,,,Nisha,Gupta,,,Seattle,CA,99706,,(892) 982-9018,001oB00000JcW5vQAF
001oB00000JcW5wQAF,0,,,Li,Wang,,,San Francisco,CA,99729,,(905) 200-9037,001oB00000JcW5wQAF
001oB00000JcW5xQAF,0,,,Ling,Chen,,,Portland,CA,99752,,(918) 217-9056,001oB00000JcW5xQAF
001oB00000JcW5yQAF,0,,,Qing,Zhang,,,Seattle,CA,99775,,(931) 234-9075,001oB00000JcW5yQAF
001oB00000JcW5zQAF,0,,,Jing,Liu,,,San Francisco,CA,99798,,(944) 251-9094,001oB00000JcW5zQAF
001oB00000JcW60QAF,0,,,Shu,Li,,,Portland,CA,99821,,(957) 268-9113,001oB00000JcW60QAF
001oB00000JcW61QAF,0,,,Sakura,Yamamoto,,,Seattle,CA,99844,,(970) 285-9132,001oB00000JcW61QAF
001oB00000JcW62QAF,0,,,Aoi,Tanaka,,,San Francisco,CA,99867,,(983) 302-9151,001oB00000JcW62QAF
001oB00000JcW63QAF,0,,,Nanami,Sato,,,Portland,CA,99890,,(996) 319-9170,001oB00000JcW63QAF
001oB00000JcW64QAF,0,,,Ayaka,Suzuki,,,Seattle,CA,99913,,(210) 336-9189,001oB00000JcW64QAF
001oB00000JcW65QAF,0,,,Soo-min,Kim,,,San Francisco,CA,99936,,(223) 353-9208,001oB00000JcW65QAF
001oB00000JcW66QAF,0,,,Ye-jin,Lee,,,Portland,CA,99959,,(236) 370-9227,001oB00000JcW66QAF
001oB00000JcW67QAF,0,,,Hoa,Nguyen,,,Seattle,CA,99982,,(249) 387-9246,001oB00000JcW67QAF
001oB00000JcW68QAF,0,,,Sofia,Garcia,,,San Francisco,CA,90006,,(262) 404-9265,001oB00000JcW68QAF
001oB00000JcW69QAF,0,,,Rosa,Rodriguez,,,Portland,CA,90029,,(275) 421-9284,001oB00000JcW69QAF
001oB00000JcW6AQAV,0,,,Gabriela,Martinez,,,Seattle,CA,90052,,(288) 438-9303,001oB00000JcW6AQAV
001oB00000JcW6BQAV,0,,,Laura,Hernandez,,,San Francisco,CA,90075,,(301) 455-9322,001oB00000JcW6BQAV
001oB00000JcW6CQAV,0,,,Monica,Lopez,,,Portland,CA,90098,,(314) 472-9341,001oB00000JcW6CQAV
001oB00000JcW6DQAV,0,,,Daniela,Gonzalez,,,Seattle,CA,90121,,(327) 489-9360,001oB00000JcW6DQAV
001oB00000JcW6EQAV,0,,,Sandra,Perez,,,San Francisco,CA,90144,,(340) 506-9379,001oB00000JcW6EQAV
001oB00000JcW6FQAV,0,,,Aisha,Ali,,,Portland,CA,90167,,(353) 523-9398,001oB00000JcW6FQAV
001oB00000JcW6GQAV,0,,,Soraya,Hassan,,,Seattle,CA,90190,,(366) 540-9417,001oB00000JcW6GQAV
001oB00000JcW6HQAV,0,,,Yasmeen,Ahmed,,,San Francisco,CA,90213,,(379) 557-9436,001oB00000JcW6HQAV
001oB00000JcW6IQAV,0,,,Saira,Khan,,,Portland,CA,90236,,(392) 574-9455,001oB00000JcW6IQAV
001oB00000JcW6JQAV,0,,,Sarah,Johnson,,,Seattle,CA,90259,,(405) 591-9474,001oB00000JcW6JQAV
001oB00000JcW6KQAV,0,,,Patricia,Smith,,,San Francisco,CA,90282,,(418) 608-9493,001oB00000JcW6KQAV
001oB00000JcW6LQAV,0,,,Ashley,Williams,,,Portland,CA,90305,,(431) 625-9512,001oB00000JcW6LQAV
001oB00000JcW6MQAV,0,,,Rebecca,Brown,,,Seattle,CA,90328,,(444) 642-9531,001oB00000JcW6MQAV
001oB00000JcW6NQAV,0,,,Nicole,Davis,,,San Francisco,CA,90351,,(457) 659-9550,001oB00000JcW6NQAV
001oB00000JcW6OQAV,0,,,Rachel,Wilson,,,Portland,CA,90374,,(470) 676-9569,001oB00000JcW6OQAV
001oB00000JcW6PQAV,0,,,Christine,Anderson,,,Seattle,CA,90397,,(483) 693-9588,001oB00000JcW6PQAV
001oB00000JcW6QQAV,0,,,Carolyn,Taylor,,,San Francisco,CA,90420,,(496) 710-9607,001oB00000JcW6QQAV
001oB00000JcW6RQAV,0,,,Virginia,Thomas,,,Portland,CA,90443,,(509) 727-9626,001oB00000JcW6RQAV
001oB00000JcW6SQAV,0,,,Diane,Moore,,,Seattle,CA,90466,,(522) 744-9645,001oB00000JcW6SQAV
001oB00000JcW6TQAV,0,,,Amit,Patel,,,San Francisco,CA,90489,,(535) 761-9664,001oB00000JcW6TQAV
001oB00000JcW6UQAV,0,,,Gurpreet,Singh,,,Portland,CA,90512,,(548) 778-9683,001oB00000JcW6UQAV
001oB00000JcW6VQAV,0,,,Karthik,Kumar,,,Seattle,CA,90535,,(561) 795-9702,001oB00000JcW6VQAV
001oB00000JcW6WQAV,0,,,Deepak,Sharma,,,San Francisco,CA,90558,,(574) 812-9721,001oB00000JcW6WQAV
001oB00000JcW6XQAV,0,,,Sumit,Gupta,,,Portland,CA,90581,,(587) 829-9740,001oB00000JcW6XQAV
001oB00000JcW6YQAV,0,,,Jian,Wang,,,Seattle,CA,90604,,(600) 846-9759,001oB00000JcW6YQAV
001oB00000JcW6ZQAV,0,,,Feng,Chen,,,San Francisco,CA,90627,,(613) 863-9778,001oB00000JcW6ZQAV
001oB00000JcW6aQAF,0,,,Yang,Zhang,,,Portland,CA,90650,,(626) 880-9797,001oB00000JcW6aQAF
001oB00000JcW6bQAF,0,,,Chao,Liu,,,Seattle,CA,90673,,(639) 897-9816,001oB00000JcW6bQAF
001oB00000JcW6cQAF,0,,,Bai,Li,,,San Francisco,CA,90696,,(652) 914-9835,001oB00000JcW6cQAF
001oB00000JcW6dQAF,0,,,Takeshi,Yamamoto,,,Portland,CA,90719,,(665) 931-9854,001oB00000JcW6dQAF
001oB00000JcW6eQAF,0,,,Daichi,Tanaka,,,Seattle,CA,90742,,(678) 948-9873,001oB00000JcW6eQAF
001oB00000JcW6fQAF,0,,,Sota,Sato,,,San Francisco,CA,90765,,(691) 965-9892,001oB00000JcW6fQAF
001oB00000JcW6gQAF,0,,,Ryota,Suzuki,,,Portland,CA,90788,,(704) 982-9911,001oB00000JcW6gQAF
001oB00000JcW6hQAF,0,,,Min-ho,Kim,,,Seattle,CA,90811,,(717) 200-9930,001oB00000JcW6hQAF
001oB00000JcW6iQAF,0,,,Jin,Lee,,,San Francisco,CA,90834,,(730) 217-9949,001oB00000JcW6iQAF
001oB00000JcW6jQAF,0,,,Minh,Nguyen,,,Portland,CA,90857,,(743) 234-9968,001oB00000JcW6jQAF
001oB00000JcW6kQAF,0,,,Miguel,Garcia,,,Seattle,CA,90880,,(756) 251-9987,001oB00000JcW6kQAF
001oB00000JcW6lQAF,0,,,Ricardo,Rodriguez,,,San Francisco,CA,90903,,(769) 268-1007,001oB00000JcW6lQAF
001oB00000JcW6mQAF,0,,,Pablo,Martinez,,,Portland,CA,90926,,(782) 285-1026,001oB00000JcW6mQAF
001oB00000JcW6nQAF,0,,,Manuel,Hernandez,,,Seattle,CA,90949,,(795) 302-1045,001oB00000JcW6nQAF
001oB00000JcW6oQAF,0,,,Sergio,Lopez,,,San Francisco,CA,90972,,(808) 319-1064,001oB00000JcW6oQAF
001oB00000JcW6pQAF,0,,,Raul,Gonzalez,,,Portland,CA,90995,,(821) 336-1083,001oB00000JcW6pQAF
001oB00000JcW6qQAF,0,,,Julio,Perez,,,Seattle,CA,91018,,(834) 353-1102,001oB00000JcW6qQAF
001oB00000JcW6rQAF,0,,,Ahmed,Ali,,,San Francisco,CA,91041,,(847) 370-1121,001oB00000JcW6rQAF
001oB00000JcW6sQAF,0,,,Rashid,Hassan,,,Portland,CA,91064,,(860) 387-1140,001oB00000JcW6sQAF
001oB00000JcW6tQAF,0,,,Jamal,Ahmed,,,Seattle,CA,91087,,(873) 404-1159,001oB00000JcW6tQAF
001oB00000JcW6uQAF,0,,,Adil,Khan,,,San Francisco,CA,91110,,(886) 421-1178,001oB00000JcW6uQAF
001oB00000JcW6vQAF,0,,,David,Johnson,,,Portland,CA,91133,,(899) 438-1197,001oB00000JcW6vQAF
001oB00000JcW6wQAF,0,,,Richard,Smith,,,Seattle,CA,91156,,(912) 455-1216,001oB00000JcW6wQAF
001oB00000JcW6xQAF,0,,,Matthew,Williams,,,San Francisco,CA,91179,,(925) 472-1235,001oB00000JcW6xQAF
001oB00000JcW6yQAF,0,,,Nicholas,Brown,,,Portland,CA,91202,,(938) 489-1254,001oB00000JcW6yQAF
001oB00000JcW6zQAF,0,,,Jacob,Davis,,,Seattle,CA,91225,,(951) 506-1273,001oB00000JcW6zQAF
001oB00000JcW70QAF,0,,,Aaron,Wilson,,,San Francisco,CA,91248,,(964) 523-1292,001oB00000JcW70QAF
001oB00000JcW71QAF,0,,,Brandon,Anderson,,,Portland,CA,91271,,(977) 540-1311,001oB00000JcW71QAF
001oB00000JcW72QAF,0,,,Scott,Taylor,,,Seattle,CA,91294,,(990) 557-1330,001oB00000JcW72QAF
001oB00000JcW73QAF,0,,,Donald,Thomas,,,San Francisco,CA,91317,,(204) 574-1349,001oB00000JcW73QAF
001oB00000JcW74QAF,0,,,Ronald,Moore,,,Portland,CA,91340,,(217) 591-1368,001oB00000JcW74QAF
001oB00000JcW75QAF,0,,,Anjali,Patel,,,Seattle,CA,91363,,(230) 608-1387,001oB00000JcW75QAF
001oB00000JcW76QAF,0,,,Jaspreet,Singh,,,San Francisco,CA,91386,,(243) 625-1406,001oB00000JcW76QAF
001oB00000JcW77QAF,0,,,Divya,Kumar,,,Portland,CA,91409,,(256) 642-1425,001oB00000JcW77QAF
001oB00000JcW78QAF,0,,,Anita,Sharma,,,Seattle,CA,91432,,(269) 659-1444,001oB00000JcW78QAF
001oB00000JcW79QAF,0,,,Rekha,Gupta,,,San Francisco,CA,91455,,(282) 676-1463,001oB00000JcW79QAF
001oB00000JcW7AQAV,0,,,Ying,Wang,,,Portland,CA,91478,,(295) 693-1482,001oB00000JcW7AQAV
001oB00000JcW7BQAV,0,,,Yu,Chen,,,Seattle,CA,91501,,(308) 710-1501,001oB00000JcW7BQAV
001oB00000JcW7CQAV,0,,,Rong,Zhang,,,San Francisco,CA,91524,,(321) 727-1520,001oB00000JcW7CQAV
001oB00000JcW7DQAV,0,,,Lei,Liu,,,Portland,CA,91547,,(334) 744-1539,001oB00000JcW7DQAV
001oB00000JcW7EQAV,0,,,Mei,Li,,,Seattle,CA,91570,,(347) 761-1558,001oB00000JcW7EQAV
001oB00000JcW7FQAV,0,,,Hana,Yamamoto,,,San Francisco,CA,91593,,(360) 778-1577,001oB00000JcW7FQAV
001oB00000JcW7GQAV,0,,,Sora,Tanaka,,,Portland,CA,91616,,(373) 795-1596,001oB00000JcW7GQAV
001oB00000JcW7HQAV,0,,,Mio,Sato,,,Seattle,CA,91639,,(386) 812-1615,001oB00000JcW7HQAV
001oB00000JcW7IQAV,0,,,Hinata,Suzuki,,,San Francisco,CA,91662,,(399) 829-1634,001oB00000JcW7IQAV
001oB00000JcW7JQAV,0,,,Ji-woo,Kim,,,Portland,CA,91685,,(412) 846-1653,001oB00000JcW7JQAV
001oB00000JcW7KQAV,0,,,Mi-sun,Lee,,,Seattle,CA,91708,,(425) 863-1672,001oB00000JcW7KQAV
001oB00000JcW7LQAV,0,,,Phuong,Nguyen,,,San Francisco,CA,91731,,(438) 880-1691,001oB00000JcW7LQAV
001oB00000JcW7MQAV,0,,,Elena,Garcia,,,Portland,CA,91754,,(451) 897-1710,001oB00000JcW7MQAV
001oB00000JcW7NQAV,0,,,Lucia,Rodriguez,,,Seattle,CA,91777,,(464) 914-1729,001oB00000JcW7NQAV
001oB00000JcW7OQAV,0,,,Teresa,Martinez,,,San Francisco,CA,91800,,(477) 931-1748,001oB00000JcW7OQAV
001oB00000JcW7PQAV,0,,,Patricia,Hernandez,,,Portland,CA,91823,,(490) 948-1767,001oB00000JcW7PQAV
001oB00000JcW7QQAV,0,,,Veronica,Lopez,,,Seattle,CA,91846,,(503) 965-1786,001oB00000JcW7QQAV
001oB00000JcW7RQAV,0,,,Marina,Gonzalez,,,San Francisco,CA,91869,,(516) 982-1805,001oB00000JcW7RQAV
001oB00000JcW7SQAV,0,,,Silvia,Perez,,,Portland,CA,91892,,(529) 200-1824,001oB00000JcW7SQAV
001oB00000JcW7TQAV,0,,,Layla,Ali,,,Seattle,CA,91915,,(542) 217-1843,001oB00000JcW7TQAV
001oB00000JcW7UQAV,0,,,Zainab,Hassan,,,San Francisco,CA,91938,,(555) 234-1862,001oB00000JcW7UQAV
001oB00000JcW7VQAV,0,,,Rania,Ahmed,,,Portland,CA,91961,,(568) 251-1881,001oB00000JcW7VQAV
001oB00000JcW7WQAV,0,,,Hina,Khan,,,Seattle,CA,91984,,(581) 268-1900,001oB00000JcW7WQAV
001oB00000JcW7XQAV,0,,,Jennifer,Johnson,,,San Francisco,CA,92007,,(594) 285-1919,001oB00000JcW7XQAV
001oB00000JcW7YQAV,0,,,Linda,Smith,,,Portland,CA,92030,,(607) 302-1938,001oB00000JcW7YQAV
001oB00000JcW7ZQAV,0,,,Amanda,Williams,,,Seattle,CA,92053,,(620) 319-1957,001oB00000JcW7ZQAV
001oB00000JcW7aQAF,0,,,Laura,Brown,,,San Francisco,CA,92076,,(633) 336-1976,001oB00000JcW7aQAF
001oB00000JcW7bQAF,0,,,Elizabeth,Davis,,,Portland,CA,92099,,(646) 353-1995,001oB00000JcW7bQAF
001oB00000JcW7cQAF,0,,,Samantha,Wilson,,,Seattle,CA,92122,,(659) 370-2014,001oB00000JcW7cQAF
001oB00000JcW7dQAF,0,,,Deborah,Anderson,,,San Francisco,CA,92145,,(672) 387-2033,001oB00000JcW7dQAF
001oB00000JcW7eQAF,0,,,Janet,Taylor,,,Portland,CA,92168,,(685) 404-2052,001oB00000JcW7eQAF
001oB00000JcW7fQAF,0,,,Ruth,Thomas,,,Seattle,CA,92191,,(698) 421-2071,001oB00000JcW7fQAF
001oB00000JcW7gQAF,0,,,Julie,Moore,,,San Francisco,CA,92214,,(711) 438-2090,001oB00000JcW7gQAF
001oB00000JcW7hQAF,0,,,Rohan,Patel,,,Portland,CA,92237,,(724) 455-2109,001oB00000JcW7hQAF
001oB00000JcW7iQAF,0,,,Karan,Singh,,,Seattle,CA,92260,,(737) 472-2128,001oB00000JcW7iQAF
001oB00000JcW7jQAF,0,,,Rajesh,Kumar,,,San Francisco,CA,92283,,(750) 489-2147,001oB00000JcW7jQAF
001oB00000JcW7kQAF,0,,,Vikas,Sharma,,,Portland,CA,92306,,(763) 506-2166,001oB00000JcW7kQAF
001oB00000JcW7lQAF,0,,,Anil,Gupta,,,Seattle,CA,92329,,(776) 523-2185,001oB00000JcW7lQAF
001oB00000JcW7mQAF,0,,,Ming,Wang,,,San Francisco,CA,92352,,(789) 540-2204,001oB00000JcW7mQAF
001oB00000JcW7nQAF,0,,,Tao,Chen,,,Portland,CA,92375,,(802) 557-2223,001oB00000JcW7nQAF
001oB00000JcW7oQAF,0,,,Peng,Zhang,,,Seattle,CA,92398,,(815) 574-2242,001oB00000JcW7oQAF
001oB00000JcW7pQAF,0,,,Hai,Liu,,,San Francisco,CA,92421,,(828) 591-2261,001oB00000JcW7pQAF
001oB00000JcW7qQAF,0,,,Chun,Li,,,Portland,CA,92444,,(841) 608-2280,001oB00000JcW7qQAF
001oB00000JcW7rQAF,0,,,Daichi,Yamamoto,,,Seattle,CA,92467,,(854) 625-2299,001oB00000JcW7rQAF
001oB00000JcW7sQAF,0,,,Kaito,Tanaka,,,San Francisco,CA,92490,,(867) 642-2318,001oB00000JcW7sQAF
001oB00000JcW7tQAF,0,,,Yuto,Sato,,,Portland,CA,92513,,(880) 659-2337,001oB00000JcW7tQAF
001oB00000JcW7uQAF,0,,,Ren,Suzuki,,,Seattle,CA,92536,,(893) 676-2356,001oB00000JcW7uQAF
001oB00000JcW7vQAF,0,,,Seung,Kim,,,San Francisco,CA,92559,,(906) 693-2375,001oB00000JcW7vQAF
001oB00000JcW7wQAF,0,,,Dong-hyun,Lee,,,Portland,CA,92582,,(919) 710-2394,001oB00000JcW7wQAF
001oB00000JcW7xQAF,0,,,Tuan,Nguyen,,,Seattle,CA,92605,,(932) 727-2413,001oB00000JcW7xQAF
001oB00000JcW7yQAF,0,,,Luis,Garcia,,,San Francisco,CA,92628,,(945) 744-2432,001oB00000JcW7yQAF
001oB00000JcW7zQAF,0,,,Pablo,Rodriguez,,,Portland,CA,92651,,(958) 761-2451,001oB00000JcW7zQAF
001oB00000JcW80QAF,0,,,Mateo,Martinez,,,Seattle,CA,92674,,(971) 778-2470,001oB00000JcW80QAF
001oB00000JcW81QAF,0,,,Angel,Hernandez,,,San Francisco,CA,92697,,(984) 795-2489,001oB00000JcW81QAF
001oB00000JcW82QAF,0,,,Raul,Lopez,,,Portland,CA,92720,,(997) 812-2508,001oB00000JcW82QAF
001oB00000JcW83QAF,0,,,Felipe,Gonzalez,,,Seattle,CA,92743,,(211) 829-2527,001oB00000JcW83QAF
001oB00000JcW84QAF,0,,,Marcos,Perez,,,San Francisco,CA,92766,,(224) 846-2546,001oB00000JcW84QAF
001oB00000JcW85QAF,0,,,Khalid,Ali,,,Portland,CA,92789,,(237) 863-2565,001oB00000JcW85QAF
001oB00000JcW86QAF,0,,,Tariq,Hassan,,,Seattle,CA,92812,,(250) 880-2584,001oB00000JcW86QAF
001oB00000JcW87QAF,0,,,Ibrahim,Ahmed,,,San Francisco,CA,92835,,(263) 897-2603,001oB00000JcW87QAF
001oB00000JcW88QAF,0,,,Bilal,Khan,,,Portland,CA,92858,,(276) 914-2622,001oB00000JcW88QAF
001oB00000JcW89QAF,0,,,Robert,Johnson,,,Seattle,CA,92881,,(289) 931-2641,001oB00000JcW89QAF
001oB00000JcW8AQAV,0,,,Joseph,Smith,,,San Francisco,CA,92904,,(302) 948-2660,001oB00000JcW8AQAV
001oB00000JcW8BQAV,0,,,Andrew,Williams,,,Portland,CA,92927,,(315) 965-2679,001oB00000JcW8BQAV
001oB00000JcW8CQAV,0,,,Brian,Brown,,,Seattle,CA,92950,,(328) 982-2698,001oB00000JcW8CQAV
001oB00000JcW8DQAV,0,,,Steven,Davis,,,San Francisco,CA,92973,,(341) 200-2717,001oB00000JcW8DQAV
001oB00000JcW8EQAV,0,,,Alexander,Wilson,,,Portland,CA,92996,,(354) 217-2736,001oB00000JcW8EQAV
001oB00000JcW8FQAV,0,,,Samuel,Anderson,,,Seattle,CA,93019,,(367) 234-2755,001oB00000JcW8FQAV
001oB00000JcW8GQAV,0,,,Timothy,Taylor,,,San Francisco,CA,93042,,(380) 251-2774,001oB00000JcW8GQAV
001oB00000JcW8HQAV,0,,,Kenneth,Thomas,,,Portland,CA,93065,,(393) 268-2793,001oB00000JcW8HQAV
001oB00000JcW8IQAV,0,,,Anthony,Moore,,,Seattle,CA,93088,,(406) 285-2812,001oB00000JcW8IQAV
001oB00000JcW8JQAV,0,,,Kavya,Patel,,,San Francisco,CA,93111,,(419) 302-2831,001oB00000JcW8JQAV
001oB00000JcW8KQAV,0,,,Neha,Singh,,,Portland,CA,93134,,(432) 319-2850,001oB00000JcW8KQAV
001oB00000JcW8LQAV,0,,,Priya,Kumar,,,Seattle,CA,93157,,(445) 336-2869,001oB00000JcW8LQAV
001oB00000JcW8MQAV,0,,,Rekha,Sharma,,,San Francisco,CA,93180,,(458) 353-2888,001oB00000JcW8MQAV
001oB00000JcW8NQAV,0,,,Swati,Gupta,,,Portland,CA,93203,,(471) 370-2907,001oB00000JcW8NQAV
001oB00000JcW8OQAV,0,,,Xia,Wang,,,Seattle,CA,93226,,(484) 387-2926,001oB00000JcW8OQAV
001oB00000JcW8PQAV,0,,,Hui,Chen,,,San Francisco,CA,93249,,(497) 404-2945,001oB00000JcW8PQAV
001oB00000JcW8QQAV,0,,,Lan,Zhang,,,Portland,CA,93272,,(510) 421-2964,001oB00000JcW8QQAV
001oB00000JcW8RQAV,0,,,Xin,Liu,,,Seattle,CA,93295,,(523) 438-2983,001oB00000JcW8RQAV
001oB00000JcW8SQAV,0,,,Yue,Li,,,San Francisco,CA,93318,,(536) 455-3002,001oB00000JcW8SQAV
001oB00000JcW8TQAV,0,,,Yui,Yamamoto,,,Portland,CA,93341,,(549) 472-3021,001oB00000JcW8TQAV
001oB00000JcW8UQAV,0,,,Rin,Tanaka,,,Seattle,CA,93364,,(562) 489-3040,001oB00000JcW8UQAV
001oB00000JcW8VQAV,0,,,Mei,Sato,,,San Francisco,CA,93387,,(575) 506-3059,001oB00000JcW8VQAV
001oB00000JcW8WQAV,0,,,Hana,Suzuki,,,Portland,CA,93410,,(588) 523-3078,001oB00000JcW8WQAV
001oB00000JcW8XQAV,0,,,Hye-jin,Kim,,,Seattle,CA,93433,,(601) 540-3097,001oB00000JcW8XQAV
001oB00000JcW8YQAV,0,,,Eun-ji,Lee,,,San Francisco,CA,93456,,(614) 557-3116,001oB00000JcW8YQAV
001oB00000JcW8ZQAV,0,,,Thu,Nguyen,,,Portland,CA,93479,,(627) 574-3135,001oB00000JcW8ZQAV
001oB00000JcW8aQAF,0,,,Ana,Garcia,,,Seattle,CA,93502,,(640) 591-3154,001oB00000JcW8aQAF
001oB00000JcW8bQAF,0,,,Isabel,Rodriguez,,,San Francisco,CA,93525,,(653) 608-3173,001oB00000JcW8bQAF
001oB00000JcW8cQAF,0,,,Valentina,Martinez,,,Portland,CA,93548,,(666) 625-3192,001oB00000JcW8cQAF
001oB00000JcW8dQAF,0,,,Daniela,Hernandez,,,Seattle,CA,93571,,(679) 642-3211,001oB00000JcW8dQAF
001oB00000JcW8eQAF,0,,,Natalia,Lopez,,,San Francisco,CA,93594,,(692) 659-3230,001oB00000JcW8eQAF
001oB00000JcW8fQAF,0,,,Carla,Gonzalez,,,Portland,CA,93617,,(705) 676-3249,001oB00000JcW8fQAF
001oB00000JcW8gQAF,0,,,Paola,Perez,,,Seattle,CA,93640,,(718) 693-3268,001oB00000JcW8gQAF
001oB00000JcW8hQAF,0,,,Zara,Ali,,,San Francisco,CA,93663,,(731) 710-3287,001oB00000JcW8hQAF
001oB00000JcW8iQAF,0,,,Nadia,Hassan,,,Portland,CA,93686,,(744) 727-3306,001oB00000JcW8iQAF
001oB00000JcW8jQAF,0,,,Salma,Ahmed,,,Seattle,CA,93709,,(757) 744-3325,001oB00000JcW8jQAF
001oB00000JcW8kQAF,0,,,Maha,Khan,,,San Francisco,CA,93732,,(770) 761-3344,001oB00000JcW8kQAF
001oB00000JcW8lQAF,0,,,Lisa,Johnson,,,Portland,CA,93755,,(783) 778-3363,001oB00000JcW8lQAF
001oB00000JcW8mQAF,0,,,Barbara,Smith,,,Seattle,CA,93778,,(796) 795-3382,001oB00000JcW8mQAF
001oB00000JcW8nQAF,0,,,Melissa,Williams,,,San Francisco,CA,93801,,(809) 812-3401,001oB00000JcW8nQAF
001oB00000JcW8oQAF,0,,,Kimberly,Brown,,,Portland,CA,93824,,(822) 829-3420,001oB00000JcW8oQAF
001oB00000JcW8pQAF,0,,,Amy,Davis,,,Seattle,CA,93847,,(835) 846-3439,001oB00000JcW8pQAF
001oB00000JcW8qQAF,0,,,Katherine,Wilson,,,San Francisco,CA,93870,,(848) 863-3458,001oB00000JcW8qQAF
001oB00000JcW8rQAF,0,,,Janet,Anderson,,,Portland,CA,93893,,(861) 880-3477,001oB00000JcW8rQAF
001oB00000JcW8sQAF,0,,,Maria,Taylor,,,Seattle,CA,93916,,(874) 897-3496,001oB00000JcW8sQAF
001oB00000JcW8tQAF,0,,,Sharon,Thomas,,,San Francisco,CA,93939,,(887) 914-3515,001oB00000JcW8tQAF
001oB00000JcW8uQAF,0,,,Joyce,Moore,,,Portland,CA,93962,,(900) 931-3534,001oB00000JcW8uQAF
001oB00000JcW8vQAF,0,,,Arjun,Patel,,,Seattle,CA,93985,,(913) 948-3553,001oB00000JcW8vQAF
001oB00000JcW8wQAF,0,,,Harpreet,Singh,,,San Francisco,CA,94008,,(926) 965-3572,001oB00000JcW8wQAF
001oB00000JcW8xQAF,0,,,Vikram,Kumar,,,Portland,CA,94031,,(939) 982-3591,001oB00000JcW8xQAF
001oB00000JcW8zQAF,0,,,Nikhil,Gupta,,,San Francisco,CA,94077,,(965) 217-3629,001oB00000JcW8zQAF
001oB00000JcW90QAF,0,,,Wei,Wang,,,Portland,CA,94100,,(978) 234-3648,001oB00000JcW90QAF
001oB00000JcW91QAF,0,,,Hao,Chen,,,Seattle,CA,94123,,(991) 251-3667,001oB00000JcW91QAF
001oB00000JcW92QAF,0,,,Kai,Zhang,,,San Francisco,CA,94146,,(205) 268-3686,001oB00000JcW92QAF
001oB00000JcW93QAF,0,,,Shen,Liu,,,Portland,CA,94169,,(218) 285-3705,001oB00000JcW93QAF
001oB00000JcW94QAF,0,,,Long,Li,,,Seattle,CA,94192,,(231) 302-3724,001oB00000JcW94QAF
001oB00000JcW95QAF,0,,,Kenji,Yamamoto,,,San Francisco,CA,94215,,(244) 319-3743,001oB00000JcW95QAF
001oB00000JcW96QAF,0,,,Akira,Tanaka,,,Portland,CA,94238,,(257) 336-3762,001oB00000JcW96QAF
001oB00000JcW97QAF,0,,,Kazuki,Sato,,,Seattle,CA,94261,,(270) 353-3781,001oB00000JcW97QAF
001oB00000JcW98QAF,0,,,Yuto,Suzuki,,,San Francisco,CA,94284,,(283) 370-3800,001oB00000JcW98QAF
001oB00000JcW99QAF,0,,,Tae-yang,Kim,,,Portland,CA,94307,,(296) 387-3819,001oB00000JcW99QAF
001oB00000JcW9AQAV,0,,,Sung-ho,Lee,,,Seattle,CA,94330,,(309) 404-3838,001oB00000JcW9AQAV
001oB00000JcW9BQAV,0,,,Anh,Nguyen,,,San Francisco,CA,94353,,(322) 421-3857,001oB00000JcW9BQAV
001oB00000JcW9CQAV,0,,,Carlos,Garcia,,,Portland,CA,94376,,(335) 438-3876,001oB00000JcW9CQAV
001oB00000JcW9DQAV,0,,,Antonio,Rodriguez,,,Seattle,CA,94399,,(348) 455-3895,001oB00000JcW9DQAV
001oB00000JcW9EQAV,0,,,Jorge,Martinez,,,San Francisco,CA,94422,,(361) 472-3914,001oB00000JcW9EQAV
001oB00000JcW9FQAV,0,,,Javier,Hernandez,,,Portland,CA,94445,,(374) 489-3933,001oB00000JcW9FQAV
001oB00000JcW9GQAV,0,,,Rafael,Lopez,,,Seattle,CA,94468,,(387) 506-3952,001oB00000JcW9GQAV
001oB00000JcW9HQAV,0,,,Andres,Gonzalez,,,San Francisco,CA,94491,,(400) 523-3971,001oB00000JcW9HQAV
001oB00000JcW9IQAV,0,,,Francisco,Perez,,,Portland,CA,94514,,(413) 540-3990,001oB00000JcW9IQAV
001oB00000JcW9JQAV,0,,,Hassan,Ali,,,Seattle,CA,94537,,(426) 557-4009,001oB00000JcW9JQAV
001oB00000JcW9KQAV,0,,,Karim,Hassan,,,San Francisco,CA,94560,,(439) 574-4028,001oB00000JcW9KQAV
001oB00000JcW9LQAV,0,,,Samir,Ahmed,,,Portland,CA,94583,,(452) 591-4047,001oB00000JcW9LQAV
001oB00000JcW9MQAV,0,,,Imran,Khan,,,Seattle,CA,94606,,(465) 608-4066,001oB00000JcW9MQAV
001oB00000JcW9NQAV,0,,,James,Johnson,,,San Francisco,CA,94629,,(478) 625-4085,001oB00000JcW9NQAV
001oB00000JcW9OQAV,0,,,John,Smith,,,Portland,CA,94652,,(491) 642-4104,001oB00000JcW9OQAV
001oB00000JcW9PQAV,0,,,Christopher,Williams,,,Seattle,CA,94675,,(504) 659-4123,001oB00000JcW9PQAV
001oB00000JcW9QQAV,0,,,Joshua,Brown,,,San Francisco,CA,94698,,(517) 676-4142,001oB00000JcW9QQAV
001oB00000JcW9RQAV,0,,,Kevin,Davis,,,Portland,CA,94721,,(530) 693-4161,001oB00000JcW9RQAV
001oB00000JcW9SQAV,0,,,Tyler,Wilson,,,Seattle,CA,94744,,(543) 710-4180,001oB00000JcW9SQAV
001oB00000JcW9TQAV,0,,,Nathan,Anderson,,,San Francisco,CA,94767,,(556) 727-4199,001oB00000JcW9TQAV
001oB00000JcW9UQAV,0,,,Jason,Taylor,,,Portland,CA,94790,,(569) 744-4218,001oB00000JcW9UQAV
001oB00000JcW9VQAV,0,,,Paul,Thomas,,,Seattle,CA,94813,,(582) 761-4237,001oB00000JcW9VQAV
001oB00000JcW9WQAV,0,,,George,Moore,,,San Francisco,CA,94836,,(595) 778-4256,001oB00000JcW9WQAV
001oB00000JcW9XQAV,0,,,Neha,Patel,,,Portland,CA,94859,,(608) 795-4275,001oB00000JcW9XQAV
001oB00000JcW9YQAV,0,,,Simran,Singh,,,Seattle,CA,94882,,(621) 812-4294,001oB00000JcW9YQAV
001oB00000JcW9ZQAV,0,,,Meera,Kumar,,,San Francisco,CA,94905,,(634) 829-4313,001oB00000JcW9ZQAV
001oB00000JcW9aQAF,0,,,Pooja,Sharma,,,Portland,CA,94928,,(647) 846-4332,001oB00000JcW9aQAF
001oB00000JcW9bQAF,0,,,Preeti,Gupta,,,Seattle,CA,94951,,(660) 863-4351,001oB00000JcW9bQAF
001oB00000JcW9cQAF,0,,,Mei,Wang,,,San Francisco,CA,94974,,(673) 880-4370,001oB00000JcW9cQAF
001oB00000JcW9dQAF,0,,,Yan,Chen,,,Portland,CA,94997,,(686) 897-4389,001oB00000JcW9dQAF
001oB00000JcW9eQAF,0,,,Fang,Zhang,,,Seattle,CA,95020,,(699) 914-4408,001oB00000JcW9eQAF
001oB00000JcW9fQAF,0,,,Na,Liu,,,San Francisco,CA,95043,,(712) 931-4427,001oB00000JcW9fQAF
001oB00000JcW9gQAF,0,,,Lian,Li,,,Portland,CA,95066,,(725) 948-4446,001oB00000JcW9gQAF
001oB00000JcW9hQAF,0,,,Yuki,Yamamoto,,,Seattle,CA,95089,,(738) 965-4465,001oB00000JcW9hQAF
001oB00000JcW9iQAF,0,,,Yui,Tanaka,,,San Francisco,CA,95112,,(751) 982-4484,001oB00000JcW9iQAF
001oB00000JcW9jQAF,0,,,Rina,Sato,,,Portland,CA,95135,,(764) 200-4503,001oB00000JcW9jQAF
001oB00000JcW9kQAF,0,,,Mei,Suzuki,,,Seattle,CA,95158,,(777) 217-4522,001oB00000JcW9kQAF
001oB00000JcW9lQAF,0,,,Soo-min,Kim,,,San Francisco,CA,95181,,(790) 234-4541,001oB00000JcW9lQAF
001oB00000JcW9mQAF,0,,,Ye-jin,Lee,,,Portland,CA,95204,,(803) 251-4560,001oB00000JcW9mQAF
001oB00000JcW9nQAF,0,,,Linh,Nguyen,,,Seattle,CA,95227,,(816) 268-4579,001oB00000JcW9nQAF
001oB00000JcW9oQAF,0,,,Maria,Garcia,,,San Francisco,CA,95250,,(829) 285-4598,001oB00000JcW9oQAF
001oB00000JcW9pQAF,0,,,Carmen,Rodriguez,,,Portland,CA,95273,,(842) 302-4617,001oB00000JcW9pQAF
001oB00000JcW9qQAF,0,,,Isabel,Martinez,,,Seattle,CA,95296,,(855) 319-4636,001oB00000JcW9qQAF
001oB00000JcW9rQAF,0,,,Adriana,Hernandez,,,San Francisco,CA,95319,,(868) 336-4655,001oB00000JcW9rQAF
001oB00000JcW9sQAF,0,,,Cristina,Lopez,,,Portland,CA,95342,,(881) 353-4674,001oB00000JcW9sQAF
001oB00000JcW9tQAF,0,,,Natalia,Gonzalez,,,Seattle,CA,95365,,(894) 370-4693,001oB00000JcW9tQAF
001oB00000JcW9uQAF,0,,,Beatriz,Perez,,,San Francisco,CA,95388,,(907) 387-4712,001oB00000JcW9uQAF
001oB00000JcW9vQAF,0,,,Fatima,Ali,,,Portland,CA,95411,,(920) 404-4731,001oB00000JcW9vQAF
001oB00000JcW9wQAF,0,,,Amina,Hassan,,,Seattle,CA,95434,,(933) 421-4750,001oB00000JcW9wQAF
001oB00000JcW9xQAF,0,,,Leila,Ahmed,,,San Francisco,CA,95457,,(946) 438-4769,001oB00000JcW9xQAF
001oB00000JcW9yQAF,0,,,Ayesha,Khan,,,Portland,CA,95480,,(959) 455-4788,001oB00000JcW9yQAF
001oB00000JcW9zQAF,0,,,Emily,Johnson,,,Seattle,CA,95503,,(972) 472-4807,001oB00000JcW9zQAF
001oB00000JcWA0QAN,0,,,Mary,Smith,,,San Francisco,CA,95526,,(985) 489-4826,001oB00000JcWA0QAN
001oB00000JcWA1QAN,0,,,Jessica,Williams,,,Portland,CA,95549,,(998) 506-4845,001oB00000JcWA1QAN
001oB00000JcWA2QAN,0,,,Stephanie,Brown,,,Seattle,CA,95572,,(212) 523-4864,001oB00000JcWA2QAN
001oB00000JcWA3QAN,0,,,Michelle,Davis,,,San Francisco,CA,95595,,(225) 540-4883,001oB00000JcWA3QAN
001oB00000JcWA4QAN,0,,,Heather,Wilson,,,Portland,CA,95618,,(238) 557-4902,001oB00000JcWA4QAN
001oB00000JcWA5QAN,0,,,Angela,Anderson,,,Seattle,CA,95641,,(251) 574-4921,001oB00000JcWA5QAN
001oB00000JcWA6QAN,0,,,Catherine,Taylor,,,San Francisco,CA,95664,,(264) 591-4940,001oB00000JcWA6QAN
001oB00000JcWA7QAN,0,,,Donna,Thomas,,,Portland,CA,95687,,(277) 608-4959,001oB00000JcWA7QAN
001oB00000JcWA8QAN,0,,,Helen,Moore,,,Seattle,CA,95710,,(290) 625-4978,001oB00000JcWA8QAN
001oB00000JcWA9QAN,0,,,Vikram,Patel,,,San Francisco,CA,95733,,(303) 642-4997,001oB00000JcWA9QAN
001oB00000JcWAAQA3,0,,,Jaskaran,Singh,,,Portland,CA,95756,,(316) 659-5016,001oB00000JcWAAQA3
001oB00000JcWABQA3,0,,,Arun,Kumar,,,Seattle,CA,95779,,(329) 676-5035,001oB00000JcWABQA3
001oB00000JcWACQA3,0,,,Sanjay,Sharma,,,San Francisco,CA,95802,,(342) 693-5054,001oB00000JcWACQA3
001oB00000JcWADQA3,0,,,Alok,Gupta,,,Portland,CA,95825,,(355) 710-5073,001oB00000JcWADQA3
001oB00000JcWAEQA3,0,,,Chen,Wang,,,Seattle,CA,95848,,(368) 727-5092,001oB00000JcWAEQA3
001oB00000JcWAFQA3,0,,,Jun,Chen,,,San Francisco,CA,95871,,(381) 744-5111,001oB00000JcWAFQA3
001oB00000JcWAGQA3,0,,,Bo,Zhang,,,Portland,CA,95894,,(394) 761-5130,001oB00000JcWAGQA3
001oB00000JcWAHQA3,0,,,Gang,Liu,,,Seattle,CA,95917,,(407) 778-5149,001oB00000JcWAHQA3
001oB00000JcWAIQA3,0,,,Rui,Li,,,San Francisco,CA,95940,,(420) 795-5168,001oB00000JcWAIQA3
001oB00000JcWAJQA3,0,,,Hiroshi,Yamamoto,,,Portland,CA,95963,,(433) 812-5187,001oB00000JcWAJQA3
001oB00000JcWAKQA3,0,,,Ryo,Tanaka,,,Seattle,CA,95986,,(446) 829-5206,001oB00000JcWAKQA3
001oB00000JcWALQA3,0,,,Haruto,Sato,,,San Francisco,CA,96009,,(459) 846-5225,001oB00000JcWALQA3
001oB00000JcWAMQA3,0,,,Kento,Suzuki,,,Portland,CA,96032,,(472) 863-5244,001oB00000JcWAMQA3
001oB00000JcWANQA3,0,,,Min-ho,Kim,,,Seattle,CA,96055,,(485) 880-5263,001oB00000JcWANQA3
001oB00000JcWAOQA3,0,,,Jin,Lee,,,San Francisco,CA,96078,,(498) 897-5282,001oB00000JcWAOQA3
001oB00000JcWAPQA3,0,,,Thanh,Nguyen,,,Portland,CA,96101,,(511) 914-5301,001oB00000JcWAPQA3
001oB00000JcWAQQA3,0,,,Diego,Garcia,,,Seattle,CA,96124,,(524) 931-5320,001oB00000JcWAQQA3
001oB00000JcWARQA3,0,,,Fernando,Rodriguez,,,San Francisco,CA,96147,,(537) 948-5339,001oB00000JcWARQA3
001oB00000JcWASQA3,0,,,Alejandro,Martinez,,,Portland,CA,96170,,(550) 965-5358,001oB00000JcWASQA3
001oB00000JcWATQA3,0,,,Roberto,Hernandez,,,Seattle,CA,96193,,(563) 982-5377,001oB00000JcWATQA3
001oB00000JcWAUQA3,0,,,Eduardo,Lopez,,,San Francisco,CA,96216,,(576) 200-5396,001oB00000JcWAUQA3
001oB00000JcWAVQA3,0,,,Oscar,Gonzalez,,,Portland,CA,96239,,(589) 217-5415,001oB00000JcWAVQA3
001oB00000JcWAWQA3,0,,,Enrique,Perez,,,Seattle,CA,96262,,(602) 234-5434,001oB00000JcWAWQA3
001oB00000JcWAXQA3,0,,,Omar,Ali,,,San Francisco,CA,96285,,(615) 251-5453,001oB00000JcWAXQA3
001oB00000JcWAYQA3,0,,,Malik,Hassan,,,Portland,CA,96308,,(628) 268-5472,001oB00000JcWAYQA3
001oB00000JcWAZQA3,0,,,Faisal,Ahmed,,,Seattle,CA,96331,,(641) 285-5491,001oB00000JcWAZQA3
001oB00000JcWAaQAN,0,,,Farhan,Khan,,,San Francisco,CA,96354,,(654) 302-5510,001oB00000JcWAaQAN
001oB00000JcWAbQAN,0,,,Michael,Johnson,,,Portland,CA,96377,,(667) 319-5529,001oB00000JcWAbQAN
001oB00000JcWAcQAN,0,,,William,Smith,,,Seattle,CA,96400,,(680) 336-5548,001oB00000JcWAcQAN
001oB00000JcWAdQAN,0,,,Daniel,Williams,,,San Francisco,CA,96423,,(693) 353-5567,001oB00000JcWAdQAN
001oB00000JcWAeQAN,0,,,Ryan,Brown,,,Portland,CA,96446,,(706) 370-5586,001oB00000JcWAeQAN
001oB00000JcWAfQAN,0,,,Eric,Davis,,,Seattle,CA,96469,,(719) 387-5605,001oB00000JcWAfQAN
001oB00000JcWAgQAN,0,,,Benjamin,Wilson,,,San Francisco,CA,96492,,(732) 404-5624,001oB00000JcWAgQAN
001oB00000JcWAhQAN,0,,,Jonathan,Anderson,,,Portland,CA,96515,,(745) 421-5643,001oB00000JcWAhQAN
001oB00000JcWAiQAN,0,,,Justin,Taylor,,,Seattle,CA,96538,,(758) 438-5662,001oB00000JcWAiQAN
001oB00000JcWAjQAN,0,,,Mark,Thomas,,,San Francisco,CA,96561,,(771) 455-5681,001oB00000JcWAjQAN
001oB00000JcWAkQAN,0,,,Edward,Moore,,,Portland,CA,96584,,(784) 472-5700,001oB00000JcWAkQAN
001oB00000JcWAlQAN,0,,,Meera,Patel,,,Seattle,CA,96607,,(797) 489-5719,001oB00000JcWAlQAN
001oB00000JcWAmQAN,0,,,Manpreet,Singh,,,San Francisco,CA,96630,,(810) 506-5738,001oB00000JcWAmQAN
001oB00000JcWAnQAN,0,,,Shreya,Kumar,,,Portland,CA,96653,,(823) 523-5757,001oB00000JcWAnQAN
001oB00000JcWAoQAN,0,,,Ritu,Sharma,,,Seattle,CA,96676,,(836) 540-5776,001oB00000JcWAoQAN
001oB00000JcWApQAN,0,,,Nisha,Gupta,,,San Francisco,CA,96699,,(849) 557-5795,001oB00000JcWApQAN
001oB00000JcWAqQAN,0,,,Li,Wang,,,Portland,CA,96722,,(862) 574-5814,001oB00000JcWAqQAN
001oB00000JcWArQAN,0,,,Ling,Chen,,,Seattle,CA,96745,,(875) 591-5833,001oB00000JcWArQAN
001oB00000JcWAsQAN,0,,,Qing,Zhang,,,San Francisco,CA,96768,,(888) 608-5852,001oB00000JcWAsQAN
001oB00000JcWAtQAN,0,,,Jing,Liu,,,Portland,CA,96791,,(901) 625-5871,001oB00000JcWAtQAN
001oB00000JcWAuQAN,0,,,Shu,Li,,,Seattle,CA,96814,,(914) 642-5890,001oB00000JcWAuQAN
001oB00000JcWAvQAN,0,,,Sakura,Yamamoto,,,San Francisco,CA,96837,,(927) 659-5909,001oB00000JcWAvQAN
001oB00000JcWAwQAN,0,,,Aoi,Tanaka,,,Portland,CA,96860,,(940) 676-5928,001oB00000JcWAwQAN
001oB00000JcWAxQAN,0,,,Nanami,Sato,,,Seattle,CA,96883,,(953) 693-5947,001oB00000JcWAxQAN
001oB00000JcWAyQAN,0,,,Ayaka,Suzuki,,,San Francisco,CA,96906,,(966) 710-5966,001oB00000JcWAyQAN
001oB00000JcWAzQAN,0,,,Ji-woo,Kim,,,Portland,CA,96929,,(979) 727-5985,001oB00000JcWAzQAN
001oB00000JcWB0QAN,0,,,Mi-sun,Lee,,,Seattle,CA,96952,,(992) 744-6004,001oB00000JcWB0QAN
001oB00000JcWB1QAN,0,,,Hoa,Nguyen,,,San Francisco,CA,96975,,(206) 761-6023,001oB00000JcWB1QAN
001oB00000JcWB2QAN,0,,,Sofia,Garcia,,,Portland,CA,96998,,(219) 778-6042,001oB00000JcWB2QAN
001oB00000JcWB3QAN,0,,,Rosa,Rodriguez,,,Seattle,CA,97021,,(232) 795-6061,001oB00000JcWB3QAN
001oB00000JcWB4QAN,0,,,Gabriela,Martinez,,,San Francisco,CA,97044,,(245) 812-6080,001oB00000JcWB4QAN
001oB00000JcWB5QAN,0,,,Laura,Hernandez,,,Portland,CA,97067,,(258) 829-6099,001oB00000JcWB5QAN
001oB00000JcWB6QAN,0,,,Monica,Lopez,,,Seattle,CA,97090,,(271) 846-6118,001oB00000JcWB6QAN
001oB00000JcWB7QAN,0,,,Daniela,Gonzalez,,,San Francisco,CA,97113,,(284) 863-6137,001oB00000JcWB7QAN
001oB00000JcWB8QAN,0,,,Sandra,Perez,,,Portland,CA,97136,,(297) 880-6156,001oB00000JcWB8QAN
001oB00000JcWB9QAN,0,,,Aisha,Ali,,,Seattle,CA,97159,,(310) 897-6175,001oB00000JcWB9QAN
001oB00000JcWBAQA3,0,,,Soraya,Hassan,,,San Francisco,CA,97182,,(323) 914-6194,001oB00000JcWBAQA3
001oB00000JcWBBQA3,0,,,Yasmeen,Ahmed,,,Portland,CA,97205,,(336) 931-6213,001oB00000JcWBBQA3
001oB00000JcWBCQA3,0,,,Saira,Khan,,,Seattle,CA,97228,,(349) 948-6232,001oB00000JcWBCQA3
001oB00000JcWBDQA3,0,,,Sarah,Johnson,,,San Francisco,CA,97251,,(362) 965-6251,001oB00000JcWBDQA3
001oB00000JcWBEQA3,0,,,Patricia,Smith,,,Portland,CA,97274,,(375) 982-6270,001oB00000JcWBEQA3
001oB00000JcWBFQA3,0,,,Ashley,Williams,,,Seattle,CA,97297,,(388) 200-6289,001oB00000JcWBFQA3
001oB00000JcWBGQA3,0,,,Rebecca,Brown,,,San Francisco,CA,97320,,(401) 217-6308,001oB00000JcWBGQA3
001oB00000JcWBHQA3,0,,,Nicole,Davis,,,Portland,CA,97343,,(414) 234-6327,001oB00000JcWBHQA3
001oB00000JcWBIQA3,0,,,Rachel,Wilson,,,Seattle,CA,97366,,(427) 251-6346,001oB00000JcWBIQA3
001oB00000JcWBJQA3,0,,,Christine,Anderson,,,San Francisco,CA,97389,,(440) 268-6365,001oB00000JcWBJQA3
001oB00000JcWBKQA3,0,,,Carolyn,Taylor,,,Portland,CA,97412,,(453) 285-6384,001oB00000JcWBKQA3
001oB00000JcWBLQA3,0,,,Virginia,Thomas,,,Seattle,CA,97435,,(466) 302-6403,001oB00000JcWBLQA3
001oB00000JcWBMQA3,0,,,Diane,Moore,,,San Francisco,CA,97458,,(479) 319-6422,001oB00000JcWBMQA3
001oB00000JcWBNQA3,0,,,Raj,Patel,,,Portland,CA,97481,,(492) 336-6441,001oB00000JcWBNQA3
001oB00000JcWBOQA3,0,,,Gurpreet,Singh,,,Seattle,CA,97504,,(505) 353-6460,001oB00000JcWBOQA3
001oB00000JcWBPQA3,0,,,Karthik,Kumar,,,San Francisco,CA,97527,,(518) 370-6479,001oB00000JcWBPQA3
001oB00000JcWBQQA3,0,,,Deepak,Sharma,,,Portland,CA,97550,,(531) 387-6498,001oB00000JcWBQQA3
001oB00000JcWBRQA3,0,,,Sumit,Gupta,,,Seattle,CA,97573,,(544) 404-6517,001oB00000JcWBRQA3
001oB00000JcWBSQA3,0,,,Jian,Wang,,,San Francisco,CA,97596,,(557) 421-6536,001oB00000JcWBSQA3
001oB00000JcWBTQA3,0,,,Feng,Chen,,,Portland,CA,97619,,(570) 438-6555,001oB00000JcWBTQA3
001oB00000JcWBUQA3,0,,,Yang,Zhang,,,Seattle,CA,97642,,(583) 455-6574,001oB00000JcWBUQA3
001oB00000JcWBVQA3,0,,,Chao,Liu,,,San Francisco,CA,97665,,(596) 472-6593,001oB00000JcWBVQA3
001oB00000JcWBWQA3,0,,,Bai,Li,,,Portland,CA,97688,,(609) 489-6612,001oB00000JcWBWQA3
001oB00000JcWBXQA3,0,,,Takeshi,Yamamoto,,,Seattle,CA,97711,,(622) 506-6631,001oB00000JcWBXQA3
001oB00000JcWBYQA3,0,,,Daichi,Tanaka,,,San Francisco,CA,97734,,(635) 523-6650,001oB00000JcWBYQA3
001oB00000JcWBZQA3,0,,,Sota,Sato,,,Portland,CA,97757,,(648) 540-6669,001oB00000JcWBZQA3
001oB00000JcWBaQAN,0,,,Ryota,Suzuki,,,Seattle,CA,97780,,(661) 557-6688,001oB00000JcWBaQAN
001oB00000JcWBbQAN,0,,,Seung,Kim,,,San Francisco,CA,97803,,(674) 574-6707,001oB00000JcWBbQAN
001oB00000JcWBcQAN,0,,,Dong-hyun,Lee,,,Portland,CA,97826,,(687) 591-6726,001oB00000JcWBcQAN
001oB00000JcWBdQAN,0,,,Minh,Nguyen,,,Seattle,CA,97849,,(700) 608-6745,001oB00000JcWBdQAN
001oB00000JcWBeQAN,0,,,Miguel,Garcia,,,San Francisco,CA,97872,,(713) 625-6764,001oB00000JcWBeQAN
001oB00000JcWBfQAN,0,,,Ricardo,Rodriguez,,,Portland,CA,97895,,(726) 642-6783,001oB00000JcWBfQAN
001oB00000JcWBgQAN,0,,,Pablo,Martinez,,,Seattle,CA,97918,,(739) 659-6802,001oB00000JcWBgQAN
001oB00000JcWBhQAN,0,,,Manuel,Hernandez,,,San Francisco,CA,97941,,(752) 676-6821,001oB00000JcWBhQAN
001oB00000JcWBiQAN,0,,,Sergio,Lopez,,,Portland,CA,97964,,(765) 693-6840,001oB00000JcWBiQAN
001oB00000JcWBjQAN,0,,,Raul,Gonzalez,,,Seattle,CA,97987,,(778) 710-6859,001oB00000JcWBjQAN
001oB00000JcWBkQAN,0,,,Julio,Perez,,,San Francisco,CA,98010,,(791) 727-6878,001oB00000JcWBkQAN
001oB00000JcWBlQAN,0,,,Ahmed,Ali,,,Portland,CA,98033,,(804) 744-6897,001oB00000JcWBlQAN
001oB00000JcWBmQAN,0,,,Rashid,Hassan,,,Seattle,CA,98056,,(817) 761-6916,001oB00000JcWBmQAN
001oB00000JcWBnQAN,0,,,Jamal,Ahmed,,,San Francisco,CA,98079,,(830) 778-6935,001oB00000JcWBnQAN
001oB00000JcWBoQAN,0,,,Adil,Khan,,,Portland,CA,98102,,(843) 795-6954,001oB00000JcWBoQAN
001oB00000JcWBpQAN,0,,,David,Johnson,,,Seattle,CA,98125,,(856) 812-6973,001oB00000JcWBpQAN
001oB00000JcWBqQAN,0,,,Richard,Smith,,,San Francisco,CA,98148,,(869) 829-6992,001oB00000JcWBqQAN
001oB00000JcWBrQAN,0,,,Matthew,Williams,,,Portland,CA,98171,,(882) 846-7011,001oB00000JcWBrQAN
001oB00000JcWBsQAN,0,,,Nicholas,Brown,,,Seattle,CA,98194,,(895) 863-7030,001oB00000JcWBsQAN
001oB00000JcWBtQAN,0,,,Jacob,Davis,,,San Francisco,CA,98217,,(908) 880-7049,001oB00000JcWBtQAN
001oB00000JcWBuQAN,0,,,Aaron,Wilson,,,Portland,CA,98240,,(921) 897-7068,001oB00000JcWBuQAN
001oB00000JcWBvQAN,0,,,Brandon,Anderson,,,Seattle,CA,98263,,(934) 914-7087,001oB00000JcWBvQAN
001oB00000JcWBwQAN,0,,,Scott,Taylor,,,San Francisco,CA,98286,,(947) 931-7106,001oB00000JcWBwQAN
001oB00000JcWBxQAN,0,,,Donald,Thomas,,,Portland,CA,98309,,(960) 948-7125,001oB00000JcWBxQAN
001oB00000JcWByQAN,0,,,Ronald,Moore,,,Seattle,CA,98332,,(973) 965-7144,001oB00000JcWByQAN
001oB00000JcWBzQAN,0,,,Priya,Patel,,,San Francisco,CA,98355,,(986) 982-7163,001oB00000JcWBzQAN
001oB00000JcWC0QAN,0,,,Jaspreet,Singh,,,Portland,CA,98378,,(200) 200-7182,001oB00000JcWC0QAN
001oB00000JcWC1QAN,0,,,Divya,Kumar,,,Seattle,CA,98401,,(213) 217-7201,001oB00000JcWC1QAN
001oB00000JcWC2QAN,0,,,Anita,Sharma,,,San Francisco,CA,98424,,(226) 234-7220,001oB00000JcWC2QAN
001oB00000JcWC3QAN,0,,,Rekha,Gupta,,,Portland,CA,98447,,(239) 251-7239,001oB00000JcWC3QAN
001oB00000JcWC4QAN,0,,,Ying,Wang,,,Seattle,CA,98470,,(252) 268-7258,001oB00000JcWC4QAN
001oB00000JcWC5QAN,0,,,Yu,Chen,,,San Francisco,CA,98493,,(265) 285-7277,001oB00000JcWC5QAN
001oB00000JcWC6QAN,0,,,Rong,Zhang,,,Portland,CA,98516,,(278) 302-7296,001oB00000JcWC6QAN
001oB00000JcWC7QAN,0,,,Lei,Liu,,,Seattle,CA,98539,,(291) 319-7315,001oB00000JcWC7QAN
001oB00000JcWC8QAN,0,,,Mei,Li,,,San Francisco,CA,98562,,(304) 336-7334,001oB00000JcWC8QAN
001oB00000JcWC9QAN,0,,,Hana,Yamamoto,,,Portland,CA,98585,,(317) 353-7353,001oB00000JcWC9QAN
001oB00000JcWCAQA3,0,,,Sora,Tanaka,,,Seattle,CA,98608,,(330) 370-7372,001oB00000JcWCAQA3
001oB00000JcWCBQA3,0,,,Mio,Sato,,,San Francisco,CA,98631,,(343) 387-7391,001oB00000JcWCBQA3
001oB00000JcWCCQA3,0,,,Hinata,Suzuki,,,Portland,CA,98654,,(356) 404-7410,001oB00000JcWCCQA3
001oB00000JcWCDQA3,0,,,Hye-jin,Kim,,,Seattle,CA,98677,,(369) 421-7429,001oB00000JcWCDQA3
001oB00000JcWCEQA3,0,,,Eun-ji,Lee,,,San Francisco,CA,98700,,(382) 438-7448,001oB00000JcWCEQA3
001oB00000JcWCFQA3,0,,,Phuong,Nguyen,,,Portland,CA,98723,,(395) 455-7467,001oB00000JcWCFQA3
001oB00000JcWCGQA3,0,,,Elena,Garcia,,,Seattle,CA,98746,,(408) 472-7486,001oB00000JcWCGQA3
001oB00000JcWCHQA3,0,,,Lucia,Rodriguez,,,San Francisco,CA,98769,,(421) 489-7505,001oB00000JcWCHQA3
001oB00000JcWCIQA3,0,,,Teresa,Martinez,,,Portland,CA,98792,,(434) 506-7524,001oB00000JcWCIQA3
001oB00000JcWCJQA3,0,,,Patricia,Hernandez,,,Seattle,CA,98815,,(447) 523-7543,001oB00000JcWCJQA3
001oB00000JcWCKQA3,0,,,Veronica,Lopez,,,San Francisco,CA,98838,,(460) 540-7562,001oB00000JcWCKQA3
001oB00000JcWCLQA3,0,,,Marina,Gonzalez,,,Portland,CA,98861,,(473) 557-7581,001oB00000JcWCLQA3
001oB00000JcWCMQA3,0,,,Silvia,Perez,,,Seattle,CA,98884,,(486) 574-7600,001oB00000JcWCMQA3
001oB00000JcWCNQA3,0,,,Layla,Ali,,,San Francisco,CA,98907,,(499) 591-7619,001oB00000JcWCNQA3
001oB00000JcWCOQA3,0,,,Zainab,Hassan,,,Portland,CA,98930,,(512) 608-7638,001oB00000JcWCOQA3
001oB00000JcWCPQA3,0,,,Rania,Ahmed,,,Seattle,CA,98953,,(525) 625-7657,001oB00000JcWCPQA3
001oB00000JcWCQQA3,0,,,Hina,Khan,,,San Francisco,CA,98976,,(538) 642-7676,001oB00000JcWCQQA3
001oB00000JcWCRQA3,0,,,Jennifer,Johnson,,,Portland,CA,98999,,(551) 659-7695,001oB00000JcWCRQA3
001oB00000JcWCSQA3,0,,,Linda,Smith,,,Seattle,CA,99022,,(564) 676-7714,001oB00000JcWCSQA3
001oB00000JcWCTQA3,0,,,Amanda,Williams,,,San Francisco,CA,99045,,(577) 693-7733,001oB00000JcWCTQA3
001oB00000JcWCUQA3,0,,,Laura,Brown,,,Portland,CA,99068,,(590) 710-7752,001oB00000JcWCUQA3
001oB00000JcWCVQA3,0,,,Elizabeth,Davis,,,Seattle,CA,99091,,(603) 727-7771,001oB00000JcWCVQA3
001oB00000JcWCWQA3,0,,,Samantha,Wilson,,,San Francisco,CA,99114,,(616) 744-7790,001oB00000JcWCWQA3
001oB00000JcWCXQA3,0,,,Deborah,Anderson,,,Portland,CA,99137,,(629) 761-7809,001oB00000JcWCXQA3
001oB00000JcWCYQA3,0,,,Janet,Taylor,,,Seattle,CA,99160,,(642) 778-7828,001oB00000JcWCYQA3
001oB00000JcWCZQA3,0,,,Ruth,Thomas,,,San Francisco,CA,99183,,(655) 795-7847,001oB00000JcWCZQA3
001oB00000JcWCaQAN,0,,,Julie,Moore,,,Portland,CA,99206,,(668) 812-7866,001oB00000JcWCaQAN
001oB00000JcWCbQAN,0,,,Amit,Patel,,,Seattle,CA,99229,,(681) 829-7885,001oB00000JcWCbQAN
001oB00000JcWCcQAN,0,,,Karan,Singh,,,San Francisco,CA,99252,,(694) 846-7904,001oB00000JcWCcQAN
001oB00000JcWCdQAN,0,,,Rajesh,Kumar,,,Portland,CA,99275,,(707) 863-7923,001oB00000JcWCdQAN
001oB00000JcWCeQAN,0,,,Vikas,Sharma,,,Seattle,CA,99298,,(720) 880-7942,001oB00000JcWCeQAN
001oB00000JcWCfQAN,0,,,Anil,Gupta,,,San Francisco,CA,99321,,(733) 897-7961,001oB00000JcWCfQAN
001oB00000JcWCgQAN,0,,,Ming,Wang,,,Portland,CA,99344,,(746) 914-7980,001oB00000JcWCgQAN
001oB00000JcWChQAN,0,,,Tao,Chen,,,Seattle,CA,99367,,(759) 931-7999,001oB00000JcWChQAN
001oB00000JcWCiQAN,0,,,Peng,Zhang,,,San Francisco,CA,99390,,(772) 948-8018,001oB00000JcWCiQAN
001oB00000JcWCjQAN,0,,,Hai,Liu,,,Portland,CA,99413,,(785) 965-8037,001oB00000JcWCjQAN
001oB00000JcWCkQAN,0,,,Chun,Li,,,Seattle,CA,99436,,(798) 982-8056,001oB00000JcWCkQAN
001oB00000JcWClQAN,0,,,Daichi,Yamamoto,,,San Francisco,CA,99459,,(811) 200-8075,001oB00000JcWClQAN
001oB00000JcWCmQAN,0,,,Kaito,Tanaka,,,Portland,CA,99482,,(824) 217-8094,001oB00000JcWCmQAN
001oB00000JcWCnQAN,0,,,Yuto,Sato,,,Seattle,CA,99505,,(837) 234-8113,001oB00000JcWCnQAN
001oB00000JcWCoQAN,0,,,Ren,Suzuki,,,San Francisco,CA,99528,,(850) 251-8132,001oB00000JcWCoQAN
001oB00000JcWCpQAN,0,,,Tae-yang,Kim,,,Portland,CA,99551,,(863) 268-8151,001oB00000JcWCpQAN
001oB00000JcWCqQAN,0,,,Sung-ho,Lee,,,Seattle,CA,99574,,(876) 285-8170,001oB00000JcWCqQAN
001oB00000JcWCrQAN,0,,,Tuan,Nguyen,,,San Francisco,CA,99597,,(889) 302-8189,001oB00000JcWCrQAN
001oB00000JcWCsQAN,0,,,Luis,Garcia,,,Portland,CA,99620,,(902) 319-8208,001oB00000JcWCsQAN
001oB00000JcWCtQAN,0,,,Pablo,Rodriguez,,,Seattle,CA,99643,,(915) 336-8227,001oB00000JcWCtQAN
001oB00000JcWCuQAN,0,,,Mateo,Martinez,,,San Francisco,CA,99666,,(928) 353-8246,001oB00000JcWCuQAN
001oB00000JcWCvQAN,0,,,Angel,Hernandez,,,Portland,CA,99689,,(941) 370-8265,001oB00000JcWCvQAN
001oB00000JcWCwQAN,0,,,Raul,Lopez,,,Seattle,CA,99712,,(954) 387-8284,001oB00000JcWCwQAN
001oB00000JcWCxQAN,0,,,Felipe,Gonzalez,,,San Francisco,CA,99735,,(967) 404-8303,001oB00000JcWCxQAN
001oB00000JcWCyQAN,0,,,Marcos,Perez,,,Portland,CA,99758,,(980) 421-8322,001oB00000JcWCyQAN
001oB00000JcWCzQAN,0,,,Khalid,Ali,,,Seattle,CA,99781,,(993) 438-8341,001oB00000JcWCzQAN
001oB00000JcWD0QAN,0,,,Tariq,Hassan,,,San Francisco,CA,99804,,(207) 455-8360,001oB00000JcWD0QAN
001oB00000JcWD1QAN,0,,,Ibrahim,Ahmed,,,Portland,CA,99827,,(220) 472-8379,001oB00000JcWD1QAN
001oB00000JcWD2QAN,0,,,Bilal,Khan,,,Seattle,CA,99850,,(233) 489-8398,001oB00000JcWD2QAN
001oB00000JcWD3QAN,0,,,Robert,Johnson,,,San Francisco,CA,99873,,(246) 506-8417,001oB00000JcWD3QAN
001oB00000JcWD4QAN,0,,,Joseph,Smith,,,Portland,CA,99896,,(259) 523-8436,001oB00000JcWD4QAN
001oB00000JcWD5QAN,0,,,Andrew,Williams,,,Seattle,CA,99919,,(272) 540-8455,001oB00000JcWD5QAN
001oB00000JcWD6QAN,0,,,Brian,Brown,,,San Francisco,CA,99942,,(285) 557-8474,001oB00000JcWD6QAN
001oB00000JcWD7QAN,0,,,Steven,Davis,,,Portland,CA,99965,,(298) 574-8493,001oB00000JcWD7QAN
001oB00000JcWD8QAN,0,,,Alexander,Wilson,,,Seattle,CA,99988,,(311) 591-8512,001oB00000JcWD8QAN
001oB00000JcWD9QAN,0,,,Samuel,Anderson,,,San Francisco,CA,90012,,(324) 608-8531,001oB00000JcWD9QAN
001oB00000JcWDAQA3,0,,,Timothy,Taylor,,,Portland,CA,90035,,(337) 625-8550,001oB00000JcWDAQA3
001oB00000JcWDBQA3,0,,,Kenneth,Thomas,,,Seattle,CA,90058,,(350) 642-8569,001oB00000JcWDBQA3
001oB00000JcWDCQA3,0,,,Anthony,Moore,,,San Francisco,CA,90081,,(363) 659-8588,001oB00000JcWDCQA3
001oB00000JcWDDQA3,0,,,Anjali,Patel,,,Portland,CA,90104,,(376) 676-8607,001oB00000JcWDDQA3
001oB00000JcWDEQA3,0,,,Neha,Singh,,,Seattle,CA,90127,,(389) 693-8626,001oB00000JcWDEQA3
001oB00000JcWDFQA3,0,,,Priya,Kumar,,,San Francisco,CA,90150,,(402) 710-8645,001oB00000JcWDFQA3
001oB00000JcWDGQA3,0,,,Rekha,Sharma,,,Portland,CA,90173,,(415) 727-8664,001oB00000JcWDGQA3
001oB00000JcWDHQA3,0,,,Swati,Gupta,,,Seattle,CA,90196,,(428) 744-8683,001oB00000JcWDHQA3
001oB00000JcWDIQA3,0,,,Xia,Wang,,,San Francisco,CA,90219,,(441) 761-8702,001oB00000JcWDIQA3
001oB00000JcWDJQA3,0,,,Hui,Chen,,,Portland,CA,90242,,(454) 778-8721,001oB00000JcWDJQA3
001oB00000JcWDKQA3,0,,,Lan,Zhang,,,Seattle,CA,90265,,(467) 795-8740,001oB00000JcWDKQA3
001oB00000JcWDLQA3,0,,,Xin,Liu,,,San Francisco,CA,90288,,(480) 812-8759,001oB00000JcWDLQA3
001oB00000JcWDMQA3,0,,,Yue,Li,,,Portland,CA,90311,,(493) 829-8778,001oB00000JcWDMQA3
001oB00000JcWDNQA3,0,,,Yui,Yamamoto,,,Seattle,CA,90334,,(506) 846-8797,001oB00000JcWDNQA3
001oB00000JcWDOQA3,0,,,Rin,Tanaka,,,San Francisco,CA,90357,,(519) 863-8816,001oB00000JcWDOQA3
001oB00000JcWDPQA3,0,,,Mei,Sato,,,Portland,CA,90380,,(532) 880-8835,001oB00000JcWDPQA3
001oB00000JcWDQQA3,0,,,Hana,Suzuki,,,Seattle,CA,90403,,(545) 897-8854,001oB00000JcWDQQA3
001oB00000JcWDRQA3,0,,,Soo-min,Kim,,,San Francisco,CA,90426,,(558) 914-8873,001oB00000JcWDRQA3
001oB00000JcWDSQA3,0,,,Ye-jin,Lee,,,Portland,CA,90449,,(571) 931-8892,001oB00000JcWDSQA3
001oB00000JcWDTQA3,0,,,Thu,Nguyen,,,Seattle,CA,90472,,(584) 948-8911,001oB00000JcWDTQA3
001oB00000JcWDUQA3,0,,,Ana,Garcia,,,San Francisco,CA,90495,,(597) 965-8930,001oB00000JcWDUQA3
001oB00000JcWDVQA3,0,,,Isabel,Rodriguez,,,Portland,CA,90518,,(610) 982-8949,001oB00000JcWDVQA3
001oB00000JcWDWQA3,0,,,Valentina,Martinez,,,Seattle,CA,90541,,(623) 200-8968,001oB00000JcWDWQA3
001oB00000JcWDXQA3,0,,,Daniela,Hernandez,,,San Francisco,CA,90564,,(636) 217-8987,001oB00000JcWDXQA3
001oB00000JcWDYQA3,0,,,Natalia,Lopez,,,Portland,CA,90587,,(649) 234-9006,001oB00000JcWDYQA3
001oB00000JcWDZQA3,0,,,Carla,Gonzalez,,,Seattle,CA,90610,,(662) 251-9025,001oB00000JcWDZQA3
001oB00000JcWDaQAN,0,,,Paola,Perez,,,San Francisco,CA,90633,,(675) 268-9044,001oB00000JcWDaQAN
001oB00000JcWDbQAN,0,,,Zara,Ali,,,Portland,CA,90656,,(688) 285-9063,001oB00000JcWDbQAN
001oB00000JcWDcQAN,0,,,Nadia,Hassan,,,Seattle,CA,90679,,(701) 302-9082,001oB00000JcWDcQAN
001oB00000JcWDdQAN,0,,,Salma,Ahmed,,,San Francisco,CA,90702,,(714) 319-9101,001oB00000JcWDdQAN
001oB00000JcWDeQAN,0,,,Maha,Khan,,,Portland,CA,90725,,(727) 336-9120,001oB00000JcWDeQAN
001oB00000JcWDfQAN,0,,,Lisa,Johnson,,,Seattle,CA,90748,,(740) 353-9139,001oB00000JcWDfQAN
001oB00000JcWDgQAN,0,,,Barbara,Smith,,,San Francisco,CA,90771,,(753) 370-9158,001oB00000JcWDgQAN
001oB00000JcWDhQAN,0,,,Melissa,Williams,,,Portland,CA,90794,,(766) 387-9177,001oB00000JcWDhQAN
001oB00000JcWDiQAN,0,,,Kimberly,Brown,,,Seattle,CA,90817,,(779) 404-9196,001oB00000JcWDiQAN
001oB00000JcWDjQAN,0,,,Amy,Davis,,,San Francisco,CA,90840,,(792) 421-9215,001oB00000JcWDjQAN
001oB00000JcWDkQAN,0,,,Katherine,Wilson,,,Portland,CA,90863,,(805) 438-9234,001oB00000JcWDkQAN
001oB00000JcWDlQAN,0,,,Janet,Anderson,,,Seattle,CA,90886,,(818) 455-9253,001oB00000JcWDlQAN
001oB00000JcWDmQAN,0,,,Maria,Taylor,,,San Francisco,CA,90909,,(831) 472-9272,001oB00000JcWDmQAN
001oB00000JcWDnQAN,0,,,Sharon,Thomas,,,Portland,CA,90932,,(844) 489-9291,001oB00000JcWDnQAN
001oB00000JcWDoQAN,0,,,Joyce,Moore,,,Seattle,CA,90955,,(857) 506-9310,001oB00000JcWDoQAN
001oB00000JcWDpQAN,0,,,Rohan,Patel,,,San Francisco,CA,90978,,(870) 523-9329,001oB00000JcWDpQAN
001oB00000JcWDqQAN,0,,,Harpreet,Singh,,,Portland,CA,91001,,(883) 540-9348,001oB00000JcWDqQAN
001oB00000JcWDrQAN,0,,,Vikram,Kumar,,,Seattle,CA,91024,,(896) 557-9367,001oB00000JcWDrQAN
001oB00000JcWDtQAN,0,,,Nikhil,Gupta,,,Portland,CA,91070,,(922) 591-9405,001oB00000JcWDtQAN
001oB00000JcWDuQAN,0,,,Wei,Wang,,,Seattle,CA,91093,,(935) 608-9424,001oB00000JcWDuQAN
001oB00000JcWDvQAN,0,,,Hao,Chen,,,San Francisco,CA,91116,,(948) 625-9443,001oB00000JcWDvQAN
001oB00000JcWDwQAN,0,,,Kai,Zhang,,,Portland,CA,91139,,(961) 642-9462,001oB00000JcWDwQAN
001oB00000JcWDxQAN,0,,,Shen,Liu,,,Seattle,CA,91162,,(974) 659-9481,001oB00000JcWDxQAN
001oB00000JcWDyQAN,0,,,Long,Li,,,San Francisco,CA,91185,,(987) 676-9500,001oB00000JcWDyQAN
001oB00000JcWDzQAN,0,,,Kenji,Yamamoto,,,Portland,CA,91208,,(201) 693-9519,001oB00000JcWDzQAN
001oB00000JcWE0QAN,0,,,Akira,Tanaka,,,Seattle,CA,91231,,(214) 710-9538,001oB00000JcWE0QAN
001oB00000JcWE1QAN,0,,,Kazuki,Sato,,,San Francisco,CA,91254,,(227) 727-9557,001oB00000JcWE1QAN
001oB00000JcWE2QAN,0,,,Yuto,Suzuki,,,Portland,CA,91277,,(240) 744-9576,001oB00000JcWE2QAN
001oB00000JcWE3QAN,0,,,Min-ho,Kim,,,Seattle,CA,91300,,(253) 761-9595,001oB00000JcWE3QAN
001oB00000JcWE4QAN,0,,,Jin,Lee,,,San Francisco,CA,91323,,(266) 778-9614,001oB00000JcWE4QAN
001oB00000JcWE5QAN,0,,,Anh,Nguyen,,,Portland,CA,91346,,(279) 795-9633,001oB00000JcWE5QAN
001oB00000JcWE6QAN,0,,,Carlos,Garcia,,,Seattle,CA,91369,,(292) 812-9652,001oB00000JcWE6QAN
001oB00000JcWE7QAN,0,,,Antonio,Rodriguez,,,San Francisco,CA,91392,,(305) 829-9671,001oB00000JcWE7QAN
001oB00000JcWE8QAN,0,,,Jorge,Martinez,,,Portland,CA,91415,,(318) 846-9690,001oB00000JcWE8QAN
001oB00000JcWE9QAN,0,,,Javier,Hernandez,,,Seattle,CA,91438,,(331) 863-9709,001oB00000JcWE9QAN
001oB00000JcWEAQA3,0,,,Rafael,Lopez,,,San Francisco,CA,91461,,(344) 880-9728,001oB00000JcWEAQA3
001oB00000JcWEBQA3,0,,,Andres,Gonzalez,,,Portland,CA,91484,,(357) 897-9747,001oB00000JcWEBQA3
001oB00000JcWECQA3,0,,,Francisco,Perez,,,Seattle,CA,91507,,(370) 914-9766,001oB00000JcWECQA3
001oB00000JcWEDQA3,0,,,Hassan,Ali,,,San Francisco,CA,91530,,(383) 931-9785,001oB00000JcWEDQA3
001oB00000JcWEEQA3,0,,,Karim,Hassan,,,Portland,CA,91553,,(396) 948-9804,001oB00000JcWEEQA3
001oB00000JcWEFQA3,0,,,Samir,Ahmed,,,Seattle,CA,91576,,(409) 965-9823,001oB00000JcWEFQA3
001oB00000JcWEGQA3,0,,,Imran,Khan,,,San Francisco,CA,91599,,(422) 982-9842,001oB00000JcWEGQA3
001oB00000JcWEHQA3,0,,,James,Johnson,,,Portland,CA,91622,,(435) 200-9861,001oB00000JcWEHQA3
001oB00000JcWEIQA3,0,,,John,Smith,,,Seattle,CA,91645,,(448) 217-9880,001oB00000JcWEIQA3
001oB00000JcWEJQA3,0,,,Christopher,Williams,,,San Francisco,CA,91668,,(461) 234-9899,001oB00000JcWEJQA3
001oB00000JcWEKQA3,0,,,Joshua,Brown,,,Portland,CA,91691,,(474) 251-9918,001oB00000JcWEKQA3
001oB00000JcWELQA3,0,,,Kevin,Davis,,,Seattle,CA,91714,,(487) 268-9937,001oB00000JcWELQA3
001oB00000JcWEMQA3,0,,,Tyler,Wilson,,,San Francisco,CA,91737,,(500) 285-9956,001oB00000JcWEMQA3
001oB00000JcWENQA3,0,,,Nathan,Anderson,,,Portland,CA,91760,,(513) 302-9975,001oB00000JcWENQA3
001oB00000JcWEOQA3,0,,,Jason,Taylor,,,Seattle,CA,91783,,(526) 319-9994,001oB00000JcWEOQA3
001oB00000JcWEPQA3,0,,,Paul,Thomas,,,San Francisco,CA,91806,,(539) 336-1014,001oB00000JcWEPQA3
001oB00000JcWEQQA3,0,,,George,Moore,,,Portland,CA,91829,,(552) 353-1033,001oB00000JcWEQQA3
001oB00000JcWERQA3,0,,,Kavya,Patel,,,Seattle,CA,91852,,(565) 370-1052,001oB00000JcWERQA3
001oB00000JcWESQA3,0,,,Simran,Singh,,,San Francisco,CA,91875,,(578) 387-1071,001oB00000JcWESQA3
001oB00000JcWETQA3,0,,,Meera,Kumar,,,Portland,CA,91898,,(591) 404-1090,001oB00000JcWETQA3
001oB00000JcWEUQA3,0,,,Pooja,Sharma,,,Seattle,CA,91921,,(604) 421-1109,001oB00000JcWEUQA3
001oB00000JcWEVQA3,0,,,Preeti,Gupta,,,San Francisco,CA,91944,,(617) 438-1128,001oB00000JcWEVQA3
001oB00000JcWEWQA3,0,,,Mei,Wang,,,Portland,CA,91967,,(630) 455-1147,001oB00000JcWEWQA3
001oB00000JcWEXQA3,0,,,Yan,Chen,,,Seattle,CA,91990,,(643) 472-1166,001oB00000JcWEXQA3
001oB00000JcWEYQA3,0,,,Fang,Zhang,,,San Francisco,CA,92013,,(656) 489-1185,001oB00000JcWEYQA3
001oB00000JcWEZQA3,0,,,Na,Liu,,,Portland,CA,92036,,(669) 506-1204,001oB00000JcWEZQA3
001oB00000JcWEaQAN,0,,,Lian,Li,,,Seattle,CA,92059,,(682) 523-1223,001oB00000JcWEaQAN
001oB00000JcWEbQAN,0,,,Yuki,Yamamoto,,,San Francisco,CA,92082,,(695) 540-1242,001oB00000JcWEbQAN
001oB00000JcWEcQAN,0,,,Yui,Tanaka,,,Portland,CA,92105,,(708) 557-1261,001oB00000JcWEcQAN
001oB00000JcWEdQAN,0,,,Rina,Sato,,,Seattle,CA,92128,,(721) 574-1280,001oB00000JcWEdQAN
001oB00000JcWEeQAN,0,,,Mei,Suzuki,,,San Francisco,CA,92151,,(734) 591-1299,001oB00000JcWEeQAN
001oB00000JcWEfQAN,0,,,Ji-woo,Kim,,,Portland,CA,92174,,(747) 608-1318,001oB00000JcWEfQAN
001oB00000JcWEgQAN,0,,,Mi-sun,Lee,,,Seattle,CA,92197,,(760) 625-1337,001oB00000JcWEgQAN
001oB00000JcWEhQAN,0,,,Linh,Nguyen,,,San Francisco,CA,92220,,(773) 642-1356,001oB00000JcWEhQAN
001oB00000JcWEiQAN,0,,,Maria,Garcia,,,Portland,CA,92243,,(786) 659-1375,001oB00000JcWEiQAN
001oB00000JcWEjQAN,0,,,Carmen,Rodriguez,,,Seattle,CA,92266,,(799) 676-1394,001oB00000JcWEjQAN
001oB00000JcWEkQAN,0,,,Isabel,Martinez,,,San Francisco,CA,92289,,(812) 693-1413,001oB00000JcWEkQAN
001oB00000JcWElQAN,0,,,Adriana,Hernandez,,,Portland,CA,92312,,(825) 710-1432,001oB00000JcWElQAN
001oB00000JcWEmQAN,0,,,Cristina,Lopez,,,Seattle,CA,92335,,(838) 727-1451,001oB00000JcWEmQAN
001oB00000JcWEnQAN,0,,,Natalia,Gonzalez,,,San Francisco,CA,92358,,(851) 744-1470,001oB00000JcWEnQAN
001oB00000JcWEoQAN,0,,,Beatriz,Perez,,,Portland,CA,92381,,(864) 761-1489,001oB00000JcWEoQAN
001oB00000JcWEpQAN,0,,,Fatima,Ali,,,Seattle,CA,92404,,(877) 778-1508,001oB00000JcWEpQAN
001oB00000JcWEqQAN,0,,,Amina,Hassan,,,San Francisco,CA,92427,,(890) 795-1527,001oB00000JcWEqQAN
001oB00000JcWErQAN,0,,,Leila,Ahmed,,,Portland,CA,92450,,(903) 812-1546,001oB00000JcWErQAN
001oB00000JcWEsQAN,0,,,Ayesha,Khan,,,Seattle,CA,92473,,(916) 829-1565,001oB00000JcWEsQAN
001oB00000JcWEtQAN,0,,,Emily,Johnson,,,San Francisco,CA,92496,,(929) 846-1584,001oB00000JcWEtQAN
001oB00000JcWEuQAN,0,,,Mary,Smith,,,Portland,CA,92519,,(942) 863-1603,001oB00000JcWEuQAN
001oB00000JcWEvQAN,0,,,Jessica,Williams,,,Seattle,CA,92542,,(955) 880-1622,001oB00000JcWEvQAN
001oB00000JcWEwQAN,0,,,Stephanie,Brown,,,San Francisco,CA,92565,,(968) 897-1641,001oB00000JcWEwQAN
001oB00000JcWExQAN,0,,,Michelle,Davis,,,Portland,CA,92588,,(981) 914-1660,001oB00000JcWExQAN
001oB00000JcWEyQAN,0,,,Heather,Wilson,,,Seattle,CA,92611,,(994) 931-1679,001oB00000JcWEyQAN
001oB00000JcWEzQAN,0,,,Angela,Anderson,,,San Francisco,CA,92634,,(208) 948-1698,001oB00000JcWEzQAN
001oB00000JcWF0QAN,0,,,Catherine,Taylor,,,Portland,CA,92657,,(221) 965-1717,001oB00000JcWF0QAN
001oB00000JcWF1QAN,0,,,Donna,Thomas,,,Seattle,CA,92680,,(234) 982-1736,001oB00000JcWF1QAN
001oB00000JcWF2QAN,0,,,Helen,Moore,,,San Francisco,CA,92703,,(247) 200-1755,001oB00000JcWF2QAN
001oB00000JcWF3QAN,0,,,Arjun,Patel,,,Portland,CA,92726,,(260) 217-1774,001oB00000JcWF3QAN
001oB00000JcWF4QAN,0,,,Jaskaran,Singh,,,Seattle,CA,92749,,(273) 234-1793,001oB00000JcWF4QAN
001oB00000JcWF5QAN,0,,,Arun,Kumar,,,San Francisco,CA,92772,,(286) 251-1812,001oB00000JcWF5QAN
001oB00000JcWF6QAN,0,,,Sanjay,Sharma,,,Portland,CA,92795,,(299) 268-1831,001oB00000JcWF6QAN
001oB00000JcWF7QAN,0,,,Alok,Gupta,,,Seattle,CA,92818,,(312) 285-1850,001oB00000JcWF7QAN
001oB00000JcWF8QAN,0,,,Chen,Wang,,,San Francisco,CA,92841,,(325) 302-1869,001oB00000JcWF8QAN
001oB00000JcWF9QAN,0,,,Jun,Chen,,,Portland,CA,92864,,(338) 319-1888,001oB00000JcWF9QAN
001oB00000JcWFAQA3,0,,,Bo,Zhang,,,Seattle,CA,92887,,(351) 336-1907,001oB00000JcWFAQA3
001oB00000JcWFBQA3,0,,,Gang,Liu,,,San Francisco,CA,92910,,(364) 353-1926,001oB00000JcWFBQA3
001oB00000JcWFCQA3,0,,,Rui,Li,,,Portland,CA,92933,,(377) 370-1945,001oB00000JcWFCQA3
001oB00000JcWFDQA3,0,,,Hiroshi,Yamamoto,,,Seattle,CA,92956,,(390) 387-1964,001oB00000JcWFDQA3
001oB00000JcWFEQA3,0,,,Ryo,Tanaka,,,San Francisco,CA,92979,,(403) 404-1983,001oB00000JcWFEQA3