Id,Name,Account__c,Apartment__c,Rent_Amount__c,Date_Due__c,Date_Paid__c,CreatedDate,LastModifiedDate
a02oB000000IVN7QAO,LP-0245,001oB00000JcVz7QAF,a03oB000000G3huQAC,2800,2025-12-20,2025-12-20,2026-02-20T21:40:11.000+0000,2026-02-20T21:40:11.000+0000
a02oB000000IVN8QAO,LP-0246,001oB00000JcW2LQAV,a03oB000000G3hwQAC,3250,2025-12-21,2025-12-22,2026-02-20T21:40:11.000+0000,2026-02-20T21:40:11.000+0000
a02oB000000IVN9QAO,LP-0247,001oB00000JcW0sQAF,a03oB000000G3hyQAC,3200,2025-12-22,2025-12-24,2026-02-20T21:40:11.000+0000,2026-02-20T21:40:11.000+0000
a02oB000000IVNAQA4,LP-0248,001oB00000JcVzAQAV,a03oB000000G3i0QAC,3150,2025-12-23,2025-12-26,2026-02-20T21:40:11.000+0000,2026-02-20T21:40:11.000+0000
a02oB000000IVNBQA4,LP-0249,001oB00000JcW5XQAV,a03oB000000G3i2QAC,2900,2025-12-24,2025-12-28,2026-02-20T21:40:11.000+0000,2026-02-20T21:40:11.000+0000
a02oB000000IVNCQA4,LP-0250,001oB00000JcW0mQAF,a03oB000000G3i4QAC,2150,2025-12-25,2025-12-30,2026-02-20T21:40:11.000+0000,2026-02-20T21:40:11.000+0000
a02oB000000IVNDQA4,LP-0251,001oB00000JcVzDQAV,a03oB000000G3i6QAC,3600,2025-12-26,2026-01-01,2026-02-20T21:40:11.000+0000,2026-02-20T21:40:11.000+0000
a02oB000000IVNEQA4,LP-0252,001oB00000JcW5UQAV,a03oB000000G3i8QAC,4150,2025-12-27,2026-01-03,2026-02-20T21:40:11.000+0000,2026-02-20T21:40:11.000+0000
a02oB000000IVNFQA4,LP-0253,001oB00000JcVzGQAV,a03oB000000G3iBQAS,3950,2025-12-28,2026-01-05,2026-02-20T21:40:11.000+0000,2026-02-20T21:40:11.000+0000
a02oB000000IVNGQA4,LP-0254,001oB00000JcW5RQAV,a03oB000000G3iDQAS,2200,2025-12-29,2026-01-07,2026-02-20T21:40:11.000+0000,2026-02-20T21:40:11.000+0000
a02oB000000IVNHQA4,LP-0255,001oB00000JcW1JQAV,a03oB000000G3iFQAS,2750,2026-01-30,2026-02-09,2026-02-20T21:40:11.000+0000,2026-02-20T21:40:11.000+0000
a02oB000000IVNIQA4,LP-0256,001oB00000JcVzJQAV,a03oB000000G3iHQAS,4800,2026-01-31,2026-02-11,2026-02-20T21:40:11.000+0000,2026-02-20T21:40:11.000+0000
a02oB000000IVNJQA4,LP-0257,001oB00000JcW5OQAV,a03oB000000G3iJQAS,2550,2026-02-01,2026-02-13,2026-02-20T21:40:11.000+0000,2026-02-20T21:40:11.000+0000
a02oB000000IVNKQA4,LP-0258,001oB00000JcVzfQAF,a03oB000000G3iLQAS,2400,2026-02-02,2026-02-15,2026-02-20T21:40:11.000+0000,2026-02-20T21:40:11.000+0000
a02oB000000IVNLQA4,LP-0259,001oB00000JcVzMQAV,a03oB000000G3iNQAS,3150,2026-02-03,2026-02-03,2026-02-20T21:40:11.000+0000,2026-02-20T21:40:11.000+0000
a02oB000000IVNMQA4,LP-0260,001oB00000JcW5LQAV,a03oB000000G3iPQAS,2900,2026-02-04,2026-02-05,2026-02-20T21:40:11.000+0000,2026-02-20T21:40:11.000+0000
a02oB000000IVNNQA4,LP-0261,001oB00000JcVzrQAF,a03oB000000G3iRQAS,3550,2026-02-05,2026-02-07,2026-02-20T21:40:11.000+0000,2026-02-20T21:40:11.000+0000
a02oB000000IVNOQA4,LP-0262,001oB00000JcVzPQAV,a03oB000000G3iTQAS,2800,2026-02-06,2026-02-09,2026-02-20T21:40:11.000+0000,2026-02-20T21:40:11.000+0000
a02oB000000IVNPQA4,LP-0263,001oB00000JcW5IQAV,a03oB000000G3iVQAS,3250,2026-02-07,2026-02-11,2026-02-20T21:40:11.000+0000,2026-02-20T21:40:11.000+0000
a02oB000000IVNQQA4,LP-0264,001oB00000JcW1MQAV,a03oB000000G3iXQAS,1800,2026-02-08,2026-02-13,2026-02-20T21:40:11.000+0000,2026-02-20T21:40:11.000+0000
a02oB000000IVNRQA4,LP-0265,001oB00000JcVzSQAV,a03oB000000G3iZQAS,3950,2026-03-12,,2026-02-20T21:40:11.000+0000,2026-02-20T21:40:11.000+0000
a02oB000000IVNSQA4,LP-0266,001oB00000JcW5FQAV,a03oB000000G3ibQAC,3800,2026-03-13,,2026-02-20T21:40:11.000+0000,2026-02-20T21:40:11.000+0000
a02oB000000IVNTQA4,LP-0267,001oB00000JcW41QAF,a03oB000000G3idQAC,2150,2026-03-14,,2026-02-20T21:40:11.000+0000,2026-02-20T21:40:11.000+0000
a02oB000000IVNUQA4,LP-0268,001oB00000JcVzVQAV,a03oB000000G3ifQAC,3600,2026-03-15,,2026-02-20T21:40:11.000+0000,2026-02-20T21:40:11.000+0000
a02oB000000IVNVQA4,LP-0269,001oB00000JcW5CQAV,a03oB000000G3ihQAC,2550,2026-03-16,,2026-02-20T21:40:11.000+0000,2026-02-20T21:40:11.000+0000
a02oB000000IVNWQA4,LP-0270,001oB00000JcW3yQAF,a03oB000000G3ijQAC,2400,2026-03-17,,2026-02-20T21:40:11.000+0000,2026-02-20T21:40:11.000+0000
a02oB000000IVNXQA4,LP-0271,001oB00000JcVzYQAV,a03oB000000G3ilQAC,5150,2026-03-18,,2026-02-20T21:40:11.000+0000,2026-02-20T21:40:11.000+0000
a02oB000000IVNYQA4,LP-0272,001oB00000JcW59QAF,a03oB000000G3inQAC,2200,2026-03-19,,2026-02-20T21:40:11.000+0000,2026-02-20T21:40:11.000+0000
a02oB000000IVNZQA4,LP-0273,001oB00000JcW1PQAV,a03oB000000G3ipQAC,2750,2026-02-20,,2026-02-20T21:40:11.000+0000,2026-02-20T21:40:11.000+0000
a02oB000000IVNaQAO,LP-0274,001oB00000JcVzbQAF,a03oB000000G3irQAC,2800,2026-02-21,,2026-02-20T21:40:11.000+0000,2026-02-20T21:40:11.000+0000
a02oB000000IVNbQAO,LP-0275,001oB00000JcW56QAF,a03oB000000G3itQAC,3250,2026-03-22,,2026-02-20T21:40:11.000+0000,2026-02-20T21:40:11.000+0000
a02oB000000IVNcQAO,LP-0276,001oB00000JcW0jQAF,a03oB000000G3ivQAC,3200,2026-03-23,,2026-02-20T21:40:11.000+0000,2026-02-20T21:40:11.000+0000
a02oB000000IVNdQAO,LP-0277,001oB00000JcVzeQAF,a03oB000000G3ixQAC,3150,2026-03-24,,2026-02-20T21:40:11.000+0000,2026-02-20T21:40:11.000+0000
a02oB000000IVNeQAO,LP-0278,001oB00000JcW53QAF,a03oB000000G3izQAC,2900,2026-03-25,,2026-02-20T21:40:11.000+0000,2026-02-20T21:40:11.000+0000
a02oB000000IVNfQAO,LP-0279,001oB00000JcVzNQAV,a03oB000000G3j1QAC,2150,2026-03-26,,2026-02-20T21:40:11.000+0000,2026-02-20T21:40:11.000+0000
a02oB000000IVNgQAO,LP-0280,001oB00000JcVzhQAF,a03oB000000G3j3QAC,3600,2026-03-27,,2026-02-20T21:40:11.000+0000,2026-02-20T21:40:11.000+0000
a02oB000000IVNhQAO,LP-0281,001oB00000JcW50QAF,a03oB000000G3j5QAC,4150,2026-03-28,,2026-02-20T21:40:11.000+0000,2026-02-20T21:40:11.000+0000
a02oB000000IVNiQAO,LP-0282,001oB00000JcW1SQAV,a03oB000000G3j7QAC,1800,2026-03-29,,2026-02-20T21:40:11.000+0000,2026-02-20T21:40:11.000+0000
a02oB000000IVNjQAO,LP-0283,001oB00000JcVzkQAF,a03oB000000G3j9QAC,3950,2026-03-30,,2026-02-20T21:40:11.000+0000,2026-02-20T21:40:11.000+0000
a02oB000000IVNkQAO,LP-0284,001oB00000JcW4xQAF,a03oB000000G3jBQAS,2200,2026-03-31,,2026-02-20T21:40:11.000+0000,2026-02-20T21:40:11.000+0000
a02oB000000IVNlQAO,LP-0285,001oB00000JcW3vQAF,a03oB000000G3jDQAS,2750,2026-05-02,,2026-02-20T21:40:11.000+0000,2026-02-20T21:40:11.000+0000
a02oB000000IVNmQAO,LP-0286,001oB00000JcVznQAF,a03oB000000G3jFQAS,4800,2026-05-03,,2026-02-20T21:40:11.000+0000,2026-02-20T21:40:11.000+0000
a02oB000000IVNnQAO,LP-0287,001oB00000JcW4uQAF,a03oB000000G3jHQAS,2550,2026-05-04,,2026-02-20T21:40:11.000+0000,2026-02-20T21:40:11.000+0000
a02oB000000IVNoQAO,LP-0288,001oB00000JcVzuQAF,a03oB000000G3jJQAS,2400,2026-05-05,,2026-02-20T21:40:11.000+0000,2026-02-20T21:40:11.000+0000
a02oB000000IVNpQAO,LP-0289,001oB00000JcVzqQAF,a03oB000000G3jLQAS,3150,2026-05-06,,2026-02-20T21:40:11.000+0000,2026-02-20T21:40:11.000+0000
a02oB000000IVNqQAO,LP-0290,001oB00000JcW4rQAF,a03oB000000G3jNQAS,2900,2026-05-07,,2026-02-20T21:40:11.000+0000,2026-02-20T21:40:11.000+0000
a02oB000000IVNrQAO,LP-0291,001oB00000JcW1VQAV,a03oB000000G3jPQAS,3550,2026-05-08,,2026-02-20T21:40:11.000+0000,2026-02-20T21:40:11.000+0000
a02oB000000IVNsQAO,LP-0292,001oB00000JcVztQAF,a03oB000000G3jRQAS,2800,2026-05-09,,2026-02-20T21:40:11.000+0000,2026-02-20T21:40:11.000+0000
a02oB000000IVNtQAO,LP-0293,001oB00000JcW4oQAF,a03oB000000G3jTQAS,3250,2026-05-10,,2026-02-20T21:40:11.000+0000,2026-02-20T21:40:11.000+0000
a02oB000000IVNuQAO,LP-0294,001oB00000JcW3sQAF,a03oB000000G3jVQAS,1800,2026-05-11,,2026-02-20T21:40:11.000+0000,2026-02-20T21:40:11.000+0000
a02oB000000IVNvQAO,LP-0295,001oB00000JcVzwQAF,a03oB000000G3jXQAS,3950,2026-06-11,,2026-02-20T21:40:11.000+0000,2026-02-20T21:40:11.000+0000
a02oB000000IVNwQAO,LP-0296,001oB00000JcW4lQAF,a03oB000000G3jZQAS,3800,2026-06-12,,2026-02-20T21:40:11.000+0000,2026-02-20T21:40:11.000+0000
a02oB000000IVNxQAO,LP-0297,001oB00000JcW3pQAF,a03oB000000G3jbQAC,2150,2026-06-13,,2026-02-20T21:40:11.000+0000,2026-02-20T21:40:11.000+0000
a02oB000000IVNyQAO,LP-0298,001oB00000JcVzzQAF,a03oB000000G3jdQAC,3600,2026-06-14,,2026-02-20T21:40:11.000+0000,2026-02-20T21:40:11.000+0000
a02oB000000IVNzQAO,LP-0299,001oB00000JcW4iQAF,a03oB000000G3jfQAC,2550,2026-06-15,,2026-02-20T21:40:11.000+0000,2026-02-20T21:40:11.000+0000
a02oB000000IVO0QAO,LP-0300,001oB00000JcW1YQAV,a03oB000000G3jhQAC,2400,2026-06-16,,2026-02-20T21:40:11.000+0000,2026-02-20T21:40:11.000+0000
a02oB000000IVO1QAO,LP-0301,001oB00000JcW02QAF,a03oB000000G3jjQAC,5150,2026-05-20,,2026-02-20T21:40:11.000+0000,2026-02-20T21:40:11.000+0000
a02oB000000IVO2QAO,LP-0302,001oB00000JcW4fQAF,a03oB000000G3jlQAC,2200,2026-05-21,,2026-02-20T21:40:11.000+0000,2026-02-20T21:40:11.000+0000
a02oB000000IVO3QAO,LP-0303,001oB00000JcW0gQAF,a03oB000000G3jnQAC,2750,2026-05-22,,2026-02-20T21:40:11.000+0000,2026-02-20T21:40:11.000+0000
a02oB000000IVO4QAO,LP-0304,001oB00000JcW05QAF,a03oB000000G3jpQAC,2800,2026-05-23,,2026-02-20T21:40:11.000+0000,2026-02-20T21:40:11.000+0000
a02oB000000IVO5QAO,LP-0305,001oB00000JcW4cQAF,a03oB000000G3jrQAC,3250,2026-06-24,,2026-02-20T21:40:11.000+0000,2026-02-20T21:40:11.000+0000
a02oB000000IVO6QAO,LP-0306,001oB00000JcW3mQAF,a03oB000000G3jtQAC,3200,2026-06-25,,2026-02-20T21:40:11.000+0000,2026-02-20T21:40:11.000+0000
a02oB000000IVO7QAO,LP-0307,001oB00000JcW08QAF,a03oB000000G3jvQAC,3150,2026-06-26,,2026-02-20T21:40:11.000+0000,2026-02-20T21:40:11.000+0000
a02oB000000IVO8QAO,LP-0308,001oB00000JcW4ZQAV,a03oB000000G3jxQAC,2900,2026-06-27,,2026-02-20T21:40:11.000+0000,2026-02-20T21:40:11.000+0000
a02oB000000IVO9QAO,LP-0309,001oB00000JcW1bQAF,a03oB000000G3jzQAC,2150,2026-06-28,,2026-02-20T21:40:11.000+0000,2026-02-20T21:40:11.000+0000
a02oB000000IVOAQA4,LP-0310,001oB00000JcW0BQAV,a03oB000000G3k1QAC,3600,2026-06-29,,2026-02-20T21:40:11.000+0000,2026-02-20T21:40:11.000+0000
a02oB000000IVOBQA4,LP-0311,001oB00000JcW4WQAV,a03oB000000G3k3QAC,4150,2026-06-30,,2026-02-20T21:40:11.000+0000,2026-02-20T21:40:11.000+0000
a02oB000000IVOCQA4,LP-0312,001oB00000JcW3jQAF,a03oB000000G3k5QAC,1800,2026-07-01,,2026-02-20T21:40:11.000+0000,2026-02-20T21:40:11.000+0000
a02oB000000IVODQA4,LP-0313,001oB00000JcW0EQAV,a03oB000000G3k7QAC,3950,2026-07-02,,2026-02-20T21:40:11.000+0000,2026-02-20T21:40:11.000+0000
a02oB000000IVOEQA4,LP-0314,001oB00000JcW4TQAV,a03oB000000G3k9QAC,2200,2026-07-03,,2026-02-20T21:40:11.000+0000,2026-02-20T21:40:11.000+0000
a02oB000000IVOFQA4,LP-0315,001oB00000JcVzxQAF,a03oB000000G3kBQAS,2750,2026-08-03,,2026-02-20T21:40:11.000+0000,2026-02-20T21:40:11.000+0000
a02oB000000IVOGQA4,LP-0316,001oB00000JcW0HQAV,a03oB000000G3kDQAS,4800,2026-08-04,,2026-02-20T21:40:11.000+0000,2026-02-20T21:40:11.000+0000
a02oB000000IVOHQA4,LP-0317,001oB00000JcW4QQAV,a03oB000000G3kFQAS,2550,2026-08-05,,2026-02-20T21:40:11.000+0000,2026-02-20T21:40:11.000+0000
a02oB000000IVOIQA4,LP-0318,001oB00000JcW1eQAF,a03oB000000G3kHQAS,2400,2026-08-06,,2026-02-20T21:40:11.000+0000,2026-02-20T21:40:11.000+0000
a02oB000000IVOJQA4,LP-0319,001oB00000JcW0KQAV,a03oB000000G3kJQAS,3150,2026-08-07,,2026-02-20T21:40:11.000+0000,2026-02-20T21:40:11.000+0000
a02oB000000IVOKQA4,LP-0320,001oB00000JcW4NQAV,a03oB000000G3kLQAS,2900,2026-08-08,,2026-02-20T21:40:11.000+0000,2026-02-20T21:40:11.000+0000
a02oB000000IVOLQA4,LP-0321,001oB00000JcW3gQAF,a03oB000000G3kNQAS,3550,2026-08-09,,2026-02-20T21:40:11.000+0000,2026-02-20T21:40:11.000+0000
a02oB000000IVOMQA4,LP-0322,001oB00000JcW0NQAV,a03oB000000G3kPQAS,2800,2026-08-10,,2026-02-20T21:40:11.000+0000,2026-02-20T21:40:11.000+0000
a02oB000000IVONQA4,LP-0323,001oB00000JcW4KQAV,a03oB000000G3kRQAS,3250,2026-08-11,,2026-02-20T21:40:11.000+0000,2026-02-20T21:40:11.000+0000
a02oB000000IVOOQA4,LP-0324,001oB00000JcW0dQAF,a03oB000000G3kTQAS,1800,2026-08-12,,2026-02-20T21:40:11.000+0000,2026-02-20T21:40:11.000+0000
a02oB000000IVOPQA4,LP-0325,001oB00000JcW0QQAV,a03oB000000G3kVQAS,3950,2026-09-13,,2026-02-20T21:40:11.000+0000,2026-02-20T21:40:11.000+0000
a02oB000000IVOQQA4,LP-0326,001oB00000JcW4HQAV,a03oB000000G3kXQAS,3800,2026-09-14,,2026-02-20T21:40:11.000+0000,2026-02-20T21:40:11.000+0000
a02oB000000IVORQA4,LP-0327,001oB00000JcW1hQAF,a03oB000000G3kZQAS,2150,2026-09-15,,2026-02-20T21:40:11.000+0000,2026-02-20T21:40:11.000+0000
a02oB000000IVOSQA4,LP-0328,001oB00000JcW0TQAV,a03oB000000G3kbQAC,3600,2026-09-16,,2026-02-20T21:40:11.000+0000,2026-02-20T21:40:11.000+0000
a02oB000000IVOTQA4,LP-0329,001oB00000JcW4EQAV,a03oB000000G3kdQAC,2550,2026-08-20,,2026-02-20T21:40:11.000+0000,2026-02-20T21:40:11.000+0000
a02oB000000IVOUQA4,LP-0330,001oB00000JcW3dQAF,a03oB000000G3kfQAC,2400,2026-08-21,,2026-02-20T21:40:11.000+0000,2026-02-20T21:40:11.000+0000
a02oB000000IVOVQA4,LP-0331,001oB00000JcW0WQAV,a03oB000000G3khQAC,5150,2026-08-22,,2026-02-20T21:40:11.000+0000,2026-02-20T21:40:11.000+0000
a02oB000000IVOWQA4,LP-0332,001oB00000JcW4BQAV,a03oB000000G3kjQAC,2200,2026-08-23,,2026-02-20T21:40:11.000+0000,2026-02-20T21:40:11.000+0000
a02oB000000IVOXQA4,LP-0333,001oB00000JcVzcQAF,a03oB000000G3klQAC,2750,2026-08-24,,2026-02-20T21:40:11.000+0000,2026-02-20T21:40:11.000+0000
a02oB000000IVOYQA4,LP-0334,001oB00000JcW0ZQAV,a03oB000000G3knQAC,2800,2026-08-25,,2026-02-20T21:40:11.000+0000,2026-02-20T21:40:11.000+0000
a02oB000000IVOZQA4,LP-0335,001oB00000JcW48QAF,a03oB000000G3kpQAC,3250,2026-09-26,,2026-02-20T21:40:11.000+0000,2026-02-20T21:40:11.000+0000
a02oB000000IVOaQAO,LP-0336,001oB00000JcW1kQAF,a03oB000000G3krQAC,3200,2026-09-27,,2026-02-20T21:40:11.000+0000,2026-02-20T21:40:11.000+0000
a02oB000000IVObQAO,LP-0337,001oB00000JcW0cQAF,a03oB000000G3ktQAC,3150,2026-09-28,,2026-02-20T21:40:11.000+0000,2026-02-20T21:40:11.000+0000
a02oB000000IVOcQAO,LP-0338,001oB00000JcW45QAF,a03oB000000G3kvQAC,2900,2026-09-29,,2026-02-20T21:40:11.000+0000,2026-02-20T21:40:11.000+0000
a02oB000000IVOdQAO,LP-0339,001oB00000JcW3aQAF,a03oB000000G3kxQAC,2150,2026-09-30,,2026-02-20T21:40:11.000+0000,2026-02-20T21:40:11.000+0000
a02oB000000IVOeQAO,LP-0340,001oB00000JcW0fQAF,a03oB000000G3kzQAC,3600,2026-10-01,,2026-02-20T21:40:11.000+0000,2026-02-20T21:40:11.000+0000
a02oB000000IVOfQAO,LP-0341,001oB00000JcW42QAF,a03oB000000G3l1QAC,4150,2026-10-02,,2026-02-20T21:40:11.000+0000,2026-02-20T21:40:11.000+0000
a02oB000000IVOgQAO,LP-0342,001oB00000JcW00QAF,a03oB000000G3l3QAC,1800,2026-10-03,,2026-02-20T21:40:11.000+0000,2026-02-20T21:40:11.000+0000
a02oB000000IVOhQAO,LP-0343,001oB00000JcW0iQAF,a03oB000000G3l5QAC,3950,2026-10-04,,2026-02-20T21:40:11.000+0000,2026-02-20T21:40:11.000+0000
a02oB000000IVOiQAO,LP-0344,001oB00000JcW3zQAF,a03oB000000G3l7QAC,2200,2026-10-05,,2026-02-20T21:40:11.000+0000,2026-02-20T21:40:11.000+0000
a02oB000000IVOjQAO,LP-0345,001oB00000JcW1nQAF,a03oB000000G3l9QAC,2750,2026-11-05,,2026-02-20T21:40:11.000+0000,2026-02-20T21:40:11.000+0000
a02oB000000IVOkQAO,LP-0346,001oB00000JcW0lQAF,a03oB000000G3lBQAS,4800,2026-11-06,,2026-02-20T21:40:11.000+0000,2026-02-20T21:40:11.000+0000
a02oB000000IVOlQAO,LP-0347,001oB00000JcW3wQAF,a03oB000000G3lDQAS,2550,2026-11-07,,2026-02-20T21:40:11.000+0000,2026-02-20T21:40:11.000+0000
a02oB000000IVOmQAO,LP-0348,001oB00000JcW3XQAV,a03oB000000G3lFQAS,2400,2026-11-08,,2026-02-20T21:40:11.000+0000,2026-02-20T21:40:11.000+0000
a02oB000000IVOnQAO,LP-0349,001oB00000JcW0oQAF,a03oB000000G3lHQAS,3150,2026-11-09,,2026-02-20T21:40:11.000+0000,2026-02-20T21:40:11.000+0000
a02oB000000IVOoQAO,LP-0350,001oB00000JcW3tQAF,a03oB000000G3lJQAS,2900,2026-11-10,,2026-02-20T21:40:11.000+0000,2026-02-20T21:40:11.000+0000
a02oB000000IVOpQAO,LP-0351,001oB00000JcW0aQAF,a03oB000000G3lLQAS,3550,2026-11-11,,2026-02-20T21:40:11.000+0000,2026-02-20T21:40:11.000+0000
a02oB000000IVOqQAO,LP-0352,001oB00000JcW0rQAF,a03oB000000G3lNQAS,2800,2026-11-12,,2026-02-20T21:40:11.000+0000,2026-02-20T21:40:11.000+0000
a02oB000000IVOrQAO,LP-0353,001oB00000JcW3qQAF,a03oB000000G3lPQAS,3250,2026-11-13,,2026-02-20T21:40:11.000+0000,2026-02-20T21:40:11.000+0000
a02oB000000IVOsQAO,LP-0354,001oB00000JcW1qQAF,a03oB000000G3lRQAS,1800,2026-11-14,,2026-02-20T21:40:11.000+0000,2026-02-20T21:40:11.000+0000
a02oB000000IVOtQAO,LP-0355,001oB00000JcW0uQAF,a03oB000000G3lTQAS,3950,2026-12-16,,2026-02-20T21:40:11.000+0000,2026-02-20T21:40:11.000+0000
a02oB000000IVOuQAO,LP-0356,001oB00000JcW3nQAF,a03oB000000G3lVQAS,3800,2026-12-17,,2026-02-20T21:40:11.000+0000,2026-02-20T21:40:11.000+0000
a02oB000000IVOvQAO,LP-0357,001oB00000JcW3UQAV,a03oB000000G3lXQAS,2150,2026-11-20,,2026-02-20T21:40:11.000+0000,2026-02-20T21:40:11.000+0000
a02oB000000IVOwQAO,LP-0358,001oB00000JcW0xQAF,a03oB000000G3lZQAS,3600,2026-11-21,,2026-02-20T21:40:11.000+0000,2026-02-20T21:40:11.000+0000
a02oB000000IVOxQAO,LP-0359,001oB00000JcW3kQAF,a03oB000000G3lbQAC,2550,2026-11-22,,2026-02-20T21:40:11.000+0000,2026-02-20T21:40:11.000+0000
a02oB000000IVOyQAO,LP-0360,001oB00000JcVzQQAV,a03oB000000G3ldQAC,2400,2026-11-23,,2026-02-20T21:40:11.000+0000,2026-02-20T21:40:11.000+0000
a02oB000000IVOzQAO,LP-0361,001oB00000JcW10QAF,a03oB000000G3lfQAC,5150,2026-11-24,,2026-02-20T21:40:11.000+0000,2026-02-20T21:40:11.000+0000
a02oB000000IVP0QAO,LP-0362,001oB00000JcW3hQAF,a03oB000000G3lhQAC,2200,2026-11-25,,2026-02-20T21:40:11.000+0000,2026-02-20T21:40:11.000+0000
a02oB000000IVP1QAO,LP-0363,001oB00000JcW1tQAF,a03oB000000G3ljQAC,2750,2026-11-26,,2026-02-20T21:40:11.000+0000,2026-02-20T21:40:11.000+0000
a02oB000000IVP2QAO,LP-0364,001oB00000JcW13QAF,a03oB000000G3llQAC,2800,2026-11-27,,2026-02-20T21:40:11.000+0000,2026-02-20T21:40:11.000+0000
a02oB000000IVP3QAO,LP-0365,001oB00000JcW3eQAF,a03oB000000G3lnQAC,3250,2026-12-28,,2026-02-20T21:40:11.000+0000,2026-02-20T21:40:11.000+0000
a02oB000000IVP4QAO,LP-0366,001oB00000JcVzHQAV,a03oB000000G3lpQAC,3200,2026-12-29,,2026-02-20T21:40:11.000+0000,2026-02-20T21:40:11.000+0000
a02oB000000IVP5QAO,LP-0367,001oB00000JcW16QAF,a03oB000000G3lrQAC,3150,2026-12-30,,2026-02-20T21:40:11.000+0000,2026-02-20T21:40:11.000+0000
a02oB000000IVP6QAO,LP-0368,001oB00000JcW3bQAF,a03oB000000G3ltQAC,2900,2026-12-31,,2026-02-20T21:40:11.000+0000,2026-02-20T21:40:11.000+0000
a02oB000000IVP7QAO,LP-0369,001oB00000JcW03QAF,a03oB000000G3lvQAC,2150,2027-01-01,,2026-02-20T21:40:11.000+0000,2026-02-20T21:40:11.000+0000
a02oB000000IVP8QAO,LP-0370,001oB00000JcW19QAF,a03oB000000G3lxQAC,3600,2027-01-02,,2026-02-20T21:40:11.000+0000,2026-02-20T21:40:11.000+0000
a02oB000000IVP9QAO,LP-0371,001oB00000JcW3YQAV,a03oB000000G3lzQAC,4150,2027-01-03,,2026-02-20T21:40:11.000+0000,2026-02-20T21:40:11.000+0000
a02oB000000IVPAQA4,LP-0372,001oB00000JcW1wQAF,a03oB000000G3m1QAC,1800,2027-01-04,,2026-02-20T21:40:11.000+0000,2026-02-20T21:40:11.000+0000
a02oB000000IVPBQA4,LP-0373,001oB00000JcW1CQAV,a03oB000000G3m3QAC,3950,2027-01-05,,2026-02-20T21:40:11.000+0000,2026-02-20T21:40:11.000+0000
a02oB000000IVPCQA4,LP-0374,001oB00000JcW3VQAV,a03oB000000G3m5QAC,2200,2027-01-06,,2026-02-20T21:40:11.000+0000,2026-02-20T21:40:11.000+0000
a02oB000000IVPDQA4,LP-0375,001oB00000JcW3RQAV,a03oB000000G3m7QAC,2750,2027-02-07,,2026-02-20T21:40:11.000+0000,2026-02-20T21:40:11.000+0000
a02oB000000IVPEQA4,LP-0376,001oB00000JcW1FQAV,a03oB000000G3m9QAC,4800,2027-02-08,,2026-02-20T21:40:11.000+0000,2026-02-20T21:40:11.000+0000
a02oB000000IVPFQA4,LP-0377,001oB00000JcW3SQAV,a03oB000000G3mBQAS,2550,2027-02-09,,2026-02-20T21:40:11.000+0000,2026-02-20T21:40:11.000+0000
a02oB000000IVPGQA4,LP-0378,001oB00000JcW3OQAV,a03oB000000G3mDQAS,2400,2027-02-10,,2026-02-20T21:40:11.000+0000,2026-02-20T21:40:11.000+0000
a02oB000000IVPHQA4,LP-0379,001oB00000JcW1IQAV,a03oB000000G3mFQAS,3150,2027-02-11,,2026-02-20T21:40:11.000+0000,2026-02-20T21:40:11.000+0000
a02oB000000IVPIQA4,LP-0380,001oB00000JcW3PQAV,a03oB000000G3mHQAS,2900,2027-02-12,,2026-02-20T21:40:11.000+0000,2026-02-20T21:40:11.000+0000
a02oB000000IVPJQA4,LP-0381,001oB00000JcW1zQAF,a03oB000000G3mJQAS,3550,2027-02-13,,2026-02-20T21:40:11.000+0000,2026-02-20T21:40:11.000+0000
a02oB000000IVPKQA4,LP-0382,001oB00000JcW1LQAV,a03oB000000G3mLQAS,2800,2027-02-14,,2026-02-20T21:40:11.000+0000,2026-02-20T21:40:11.000+0000
a02oB000000IVPLQA4,LP-0383,001oB00000JcW3MQAV,a03oB000000G3mNQAS,3250,2027-02-15,,2026-02-20T21:40:11.000+0000,2026-02-20T21:40:11.000+0000
a02oB000000IVPMQA4,LP-0384,001oB00000JcW0XQAV,a03oB000000G3mPQAS,1800,2027-02-16,,2026-02-20T21:40:11.000+0000,2026-02-20T21:40:11.000+0000
a02oB000000IVPNQA4,LP-0385,001oB00000JcW1OQAV,a03oB000000G3mRQAS,3950,2027-02-20,,2026-02-20T21:40:11.000+0000,2026-02-20T21:40:11.000+0000
a02oB000000IVPOQA4,LP-0386,001oB00000JcW3JQAV,a03oB000000G3mTQAS,3800,2027-02-21,,2026-02-20T21:40:11.000+0000,2026-02-20T21:40:11.000+0000
a02oB000000IVPPQA4,LP-0387,001oB00000JcW3LQAV,a03oB000000G3mVQAS,2150,2027-02-22,,2026-02-20T21:40:11.000+0000,2026-02-20T21:40:11.000+0000
a02oB000000IVPQQA4,LP-0388,001oB00000JcW1RQAV,a03oB000000G3mXQAS,3600,2027-02-23,,2026-02-20T21:40:11.000+0000,2026-02-20T21:40:11.000+0000
a02oB000000IVPRQA4,LP-0389,001oB00000JcW3GQAV,a03oB000000G3mZQAS,2550,2027-02-24,,2026-02-20T21:40:11.000+0000,2026-02-20T21:40:11.000+0000
a02oB000000IVPSQA4,LP-0390,001oB00000JcW22QAF,a03oB000000G3mbQAC,2400,2027-02-25,,2026-02-20T21:40:11.000+0000,2026-02-20T21:40:11.000+0000
a02oB000000IVPTQA4,LP-0391,001oB00000JcW1UQAV,a03oB000000G3mdQAC,5150,2027-02-26,,2026-02-20T21:40:11.000+0000,2026-02-20T21:40:11.000+0000
a02oB000000IVPUQA4,LP-0392,001oB00000JcW3DQAV,a03oB000000G3mfQAC,2200,2027-02-27,,2026-02-20T21:40:11.000+0000,2026-02-20T21:40:11.000+0000
a02oB000000IVPVQA4,LP-0393,001oB00000JcW3IQAV,a03oB000000G3mhQAC,2750,2027-02-28,,2026-02-20T21:40:11.000+0000,2026-02-20T21:40:11.000+0000
a02oB000000IVPWQA4,LP-0394,001oB00000JcW1XQAV,a03oB000000G3mjQAC,2800,2027-03-01,,2026-02-20T21:40:11.000+0000,2026-02-20T21:40:11.000+0000
a02oB000000IVPXQA4,LP-0395,001oB00000JcW3AQAV,a03oB000000G3mlQAC,3250,2027-03-30,,2026-02-20T21:40:11.000+0000,2026-02-20T21:40:11.000+0000
a02oB000000IVPYQA4,LP-0396,001oB00000JcW06QAF,a03oB000000G3mnQAC,3200,2027-03-31,,2026-02-20T21:40:11.000+0000,2026-02-20T21:40:11.000+0000
a02oB000000IVPZQA4,LP-0397,001oB00000JcW1aQAF,a03oB000000G3mpQAC,3150,2027-04-01,,2026-02-20T21:40:11.000+0000,2026-02-20T21:40:11.000+0000
a02oB000000IVPaQAO,LP-0398,001oB00000JcW37QAF,a03oB000000G3mrQAC,2900,2027-04-02,,2026-02-20T21:40:11.000+0000,2026-02-20T21:40:11.000+0000
a02oB000000IVPbQAO,LP-0399,001oB00000JcW25QAF,a03oB000000G3mtQAC,2150,2027-04-03,,2026-02-20T21:40:11.000+0000,2026-02-20T21:40:11.000+0000
a02oB000000IVPcQAO,LP-0400,001oB00000JcW1dQAF,a03oB000000G3mvQAC,3600,2027-04-04,,2026-02-20T21:40:11.000+0000,2026-02-20T21:40:11.000+0000
a02oB000000IVPdQAO,LP-0401,001oB00000JcW34QAF,a03oB000000G3mxQAC,4150,2027-04-05,,2026-02-20T21:40:11.000+0000,2026-02-20T21:40:11.000+0000
a02oB000000IVPeQAO,LP-0402,001oB00000JcW3FQAV,a03oB000000G3mzQAC,1800,2027-04-06,,2026-02-20T21:40:11.000+0000,2026-02-20T21:40:11.000+0000
a02oB000000IVPfQAO,LP-0403,001oB00000JcW1gQAF,a03oB000000G3n1QAC,3950,2027-04-07,,2026-02-20T21:40:11.000+0000,2026-02-20T21:40:11.000+0000
a02oB000000IVPgQAO,LP-0404,001oB00000JcW31QAF,a03oB000000G3n3QAC,2200,2027-04-08,,2026-02-20T21:40:11.000+0000,2026-02-20T21:40:11.000+0000
a02oB000000IVPhQAO,LP-0405,001oB00000JcW0UQAV,a03oB000000G3n5QAC,2750,2027-05-10,,2026-02-20T21:40:11.000+0000,2026-02-20T21:40:11.000+0000
a02oB000000IVPiQAO,LP-0406,001oB00000JcW1jQAF,a03oB000000G3n7QAC,4800,2027-05-11,,2026-02-20T21:40:11.000+0000,2026-02-20T21:40:11.000+0000
a02oB000000IVPjQAO,LP-0407,001oB00000JcW2yQAF,a03oB000000G3n9QAC,2550,2027-05-12,,2026-02-20T21:40:11.000+0000,2026-02-20T21:40:11.000+0000
a02oB000000IVPkQAO,LP-0408,001oB00000JcW28QAF,a03oB000000G3nBQAS,2400,2027-05-13,,2026-02-20T21:40:11.000+0000,2026-02-20T21:40:11.000+0000
a02oB000000IVPlQAO,LP-0409,001oB00000JcW1mQAF,a03oB000000G3nDQAS,3150,2027-05-14,,2026-02-20T21:40:11.000+0000,2026-02-20T21:40:11.000+0000
a02oB000000IVPmQAO,LP-0410,001oB00000JcW2vQAF,a03oB000000G3nFQAS,2900,2027-05-15,,2026-02-20T21:40:11.000+0000,2026-02-20T21:40:11.000+0000
a02oB000000IVPnQAO,LP-0411,001oB00000JcW3CQAV,a03oB000000G3nHQAS,3550,2027-05-16,,2026-02-20T21:40:11.000+0000,2026-02-20T21:40:11.000+0000
a02oB000000IVPoQAO,LP-0412,001oB00000JcW1pQAF,a03oB000000G3nJQAS,2800,2027-05-17,,2026-02-20T21:40:11.000+0000,2026-02-20T21:40:11.000+0000
a02oB000000IVPpQAO,LP-0413,001oB00000JcW2sQAF,a03oB000000G3nLQAS,3250,2027-04-20,,2026-02-20T21:40:11.000+0000,2026-02-20T21:40:11.000+0000
a02oB000000IVPqQAO,LP-0414,001oB00000JcVzEQAV,a03oB000000G3nNQAS,1800,2027-04-21,,2026-02-20T21:40:11.000+0000,2026-02-20T21:40:11.000+0000
a02oB000000IVPrQAO,LP-0415,001oB00000JcW1sQAF,a03oB000000G3nPQAS,3950,2027-05-22,,2026-02-20T21:40:11.000+0000,2026-02-20T21:40:11.000+0000
a02oB000000IVPsQAO,LP-0416,001oB00000JcW2pQAF,a03oB000000G3nRQAS,3800,2027-05-23,,2026-02-20T21:40:11.000+0000,2026-02-20T21:40:11.000+0000
a02oB000000IVPtQAO,LP-0417,001oB00000JcW2BQAV,a03oB000000G3nTQAS,2150,2027-05-24,,2026-02-20T21:40:11.000+0000,2026-02-20T21:40:11.000+0000
a02oB000000IVPuQAO,LP-0418,001oB00000JcW1vQAF,a03oB000000G3nVQAS,3600,2027-05-25,,2026-02-20T21:40:11.000+0000,2026-02-20T21:40:11.000+0000
a02oB000000IVPvQAO,LP-0419,001oB00000JcW2mQAF,a03oB000000G3nXQAS,2550,2027-05-26,,2026-02-20T21:40:11.000+0000,2026-02-20T21:40:11.000+0000
a02oB000000IVPwQAO,LP-0420,001oB00000JcVzZQAV,a03oB000000G3nZQAS,2400,2027-05-27,,2026-02-20T21:40:11.000+0000,2026-02-20T21:40:11.000+0000
a02oB000000IVPxQAO,LP-0421,001oB00000JcW1yQAF,a03oB000000G3nbQAC,5150,2027-05-28,,2026-02-20T21:40:11.000+0000,2026-02-20T21:40:11.000+0000
a02oB000000IVPyQAO,LP-0422,001oB00000JcW2jQAF,a03oB000000G3ndQAC,2200,2027-05-29,,2026-02-20T21:40:11.000+0000,2026-02-20T21:40:11.000+0000
a02oB000000IVPzQAO,LP-0423,001oB00000JcW09QAF,a03oB000000G3nfQAC,2750,2027-05-30,,2026-02-20T21:40:11.000+0000,2026-02-20T21:40:11.000+0000
a02oB000000IVQ0QAO,LP-0424,001oB00000JcW21QAF,a03oB000000G3nhQAC,2800,2027-05-31,,2026-02-20T21:40:11.000+0000,2026-02-20T21:40:11.000+0000
a02oB000000IVQ1QAO,LP-0425,001oB00000JcW2gQAF,a03oB000000G3njQAC,3250,2027-07-02,,2026-02-20T21:40:11.000+0000,2026-02-20T21:40:11.000+0000
a02oB000000IVQ2QAO,LP-0426,001oB00000JcW2EQAV,a03oB000000G3nlQAC,3200,2027-07-03,,2026-02-20T21:40:11.000+0000,2026-02-20T21:40:11.000+0000
a02oB000000IVQ3QAO,LP-0427,001oB00000JcW24QAF,a03oB000000G3nnQAC,3150,2027-07-04,,2026-02-20T21:40:11.000+0000,2026-02-20T21:40:11.000+0000
a02oB000000IVQ4QAO,LP-0428,001oB00000JcW2dQAF,a03oB000000G3npQAC,2900,2027-07-05,,2026-02-20T21:40:11.000+0000,2026-02-20T21:40:11.000+0000
a02oB000000IVQ5QAO,LP-0429,001oB00000JcW39QAF,a03oB000000G3nrQAC,2150,2027-07-06,,2026-02-20T21:40:11.000+0000,2026-02-20T21:40:11.000+0000
a02oB000000IVQ6QAO,LP-0430,001oB00000JcW27QAF,a03oB000000G3ntQAC,3600,2027-07-07,,2026-02-20T21:40:11.000+0000,2026-02-20T21:40:11.000+0000
a02oB000000IVQ7QAO,LP-0431,001oB00000JcW2aQAF,a03oB000000G3nvQAC,4150,2027-07-08,,2026-02-20T21:40:11.000+0000,2026-02-20T21:40:11.000+0000
a02oB000000IVQ8QAO,LP-0432,001oB00000JcW36QAF,a03oB000000G3nxQAC,1800,2027-07-09,,2026-02-20T21:40:11.000+0000,2026-02-20T21:40:11.000+0000
a02oB000000IVQ9QAO,LP-0433,001oB00000JcW2AQAV,a03oB000000G3nzQAC,3950,2027-07-10,,2026-02-20T21:40:11.000+0000,2026-02-20T21:40:11.000+0000
a02oB000000IVQAQA4,LP-0434,001oB00000JcW2XQAV,a03oB000000G3o1QAC,2200,2027-07-11,,2026-02-20T21:40:11.000+0000,2026-02-20T21:40:11.000+0000
a02oB000000IVQBQA4,LP-0435,001oB00000JcW2HQAV,a03oB000000G3o3QAC,2750,2027-08-11,,2026-02-20T21:40:11.000+0000,2026-02-20T21:40:11.000+0000
a02oB000000IVQCQA4,LP-0436,001oB00000JcW2DQAV,a03oB000000G3o5QAC,4800,2027-08-12,,2026-02-20T21:40:11.000+0000,2026-02-20T21:40:11.000+0000
a02oB000000IVQDQA4,LP-0437,001oB00000JcW2UQAV,a03oB000000G3o7QAC,2550,2027-08-13,,2026-02-20T21:40:11.000+0000,2026-02-20T21:40:11.000+0000
a02oB000000IVQEQA4,LP-0438,001oB00000JcW0RQAV,a03oB000000G3o9QAC,2400,2027-08-14,,2026-02-20T21:40:11.000+0000,2026-02-20T21:40:11.000+0000
a02oB000000IVQFQA4,LP-0439,001oB00000JcW2GQAV,a03oB000000G3oBQAS,3150,2027-08-15,,2026-02-20T21:40:11.000+0000,2026-02-20T21:40:11.000+0000
a02oB000000IVQGQA4,LP-0440,001oB00000JcW2RQAV,a03oB000000G3oDQAS,2900,2027-08-16,,2026-02-20T21:40:11.000+0000,2026-02-20T21:40:11.000+0000
a02oB000000IVQHQA4,LP-0441,001oB00000JcVzTQAV,a03oB000000G3oFQAS,3550,2027-07-20,,2026-02-20T21:40:11.000+0000,2026-02-20T21:40:11.000+0000
a02oB000000IVQIQA4,LP-0442,001oB00000JcW2JQAV,a03oB000000G3oHQAS,2800,2027-07-21,,2026-02-20T21:40:11.000+0000,2026-02-20T21:40:11.000+0000
a02oB000000IVQJQA4,LP-0443,001oB00000JcW2OQAV,a03oB000000G3oJQAS,3250,2027-07-22,,2026-02-20T21:40:11.000+0000,2026-02-20T21:40:11.000+0000
a02oB000000IVQKQA4,LP-0444,001oB00000JcW2KQAV,a03oB000000G3oLQAS,1800,2027-07-23,,2026-02-20T21:40:11.000+0000,2026-02-20T21:40:11.000+0000
